word,shift
正太,0.908707
鲁豫,0.872116
猛击,0.856587
福利社,0.841725
不快,0.816481
吕田,0.815869
龃龉,0.811162
大平,0.794094
唐克,0.791540
尼玛,0.787460
和会,0.778882
彭青,0.778427
卡特,0.769327
里庄,0.769257
双月,0.767997
整起,0.767882
三友,0.765247
天立,0.763779
多利,0.762810
新立,0.762002
赵为民,0.761195
殿下,0.759590
骨肉相连,0.757719
万隆,0.755805
苗圃,0.754300
思南,0.753576
王兵,0.750606
五二,0.746097
猎隼,0.745141
李潇,0.743282
山王,0.742683
强推,0.742253
神通,0.738643
锦囊妙计,0.738619
罗晋,0.737890
巴拉,0.736921
大小姐,0.736597
小儿科,0.733733
金钱豹,0.733325
王威,0.732498
吴健,0.730025
采购员,0.728796
鸿福,0.725688
活学活用,0.724217
内转,0.723425
派对,0.721507
老聃,0.721390
明子,0.720786
速成,0.720398
王小川,0.720368
我团,0.717607
招招,0.715638
记实,0.715470
请听,0.713511
配电,0.713124
便当,0.713089
段长,0.711842
皮皮,0.710825
司马,0.710393
九六,0.708754
圣爱,0.707026
和缓,0.706982
鼎鼎,0.706166
翻牌,0.705986
建站,0.705245
看图,0.704297
调查团,0.703884
前清,0.703633
稍后,0.703269
同一天,0.703017
周知,0.701808
益民,0.700910
都太,0.700438
富山,0.700060
来张,0.699644
洋子,0.699329
罐头厂,0.698162
博古,0.696597
马哥,0.695476
马洪,0.695190
陈金,0.694062
而外,0.693859
心战,0.693073
发微,0.692676
建武,0.692103
鞍山,0.691971
新泰,0.691567
王志强,0.690950
互推,0.690910
图说,0.690615
闹闹,0.689994
江华,0.688516
建德,0.688474
随行人员,0.688454
神龙,0.686765
韩庄,0.686506
刘伟,0.684561
微群,0.684495
红透,0.683235
老爷,0.683139
上相,0.682775
万国,0.682206
发发,0.682108
古德,0.681500
傅军,0.680920
新闻简报,0.678078
阿哈,0.677671
晓阳,0.676436
星夜,0.676423
阿涛,0.676397
马琳,0.675109
亚龙,0.674973
陈文,0.674150
微尘,0.673454
两院,0.673249
落脚点,0.672628
吴长江,0.672015
授奖,0.671777
李建国,0.671187
写真,0.670927
白莲,0.670096
下院,0.669997
环环,0.669751
大炮,0.669488
嘉言,0.669477
詹妮弗,0.668761
木土,0.668535
克拉克,0.668492
来顶,0.668050
托尔斯,0.667709
学徒,0.667563
大华,0.667210
老根,0.666664
来去自由,0.666408
随同,0.666085
调出,0.665938
盖洛,0.665118
美华,0.664106
田中,0.663390
杜氏,0.663255
雪儿,0.663050
顾问团,0.662872
鞍钢,0.662822
高木,0.661776
刘江,0.661737
碳粉,0.661528
全福,0.660234
山崎,0.659542
策勒,0.659173
中川,0.658458
南庄,0.657853
二四,0.657750
念是,0.657632
杜尔,0.656813
张瑞,0.656564
古奇,0.654653
水法,0.654322
徐斌,0.654228
铁锋,0.653851
营地,0.653589
何洁,0.653100
李文,0.650893
杨雯,0.650551
肥羊,0.649818
张卫,0.649616
火烧,0.648456
赵煦,0.648152
新马,0.648047
永刚,0.647235
丁汀,0.646251
波夫,0.646022
马歇尔,0.645661
兴业,0.645602
陈派,0.645295
郭沫若,0.645270
地址,0.645117
渔人,0.644750
公害,0.643833
李敏,0.642834
兰博,0.642644
机工,0.642496
座机,0.642185
文林,0.641142
金口,0.640511
毛子,0.639807
乌龙,0.639494
北领地,0.639059
上回,0.638845
不得了,0.638710
刘永,0.637454
王祖,0.636690
湖南日报,0.635575
恩和,0.635551
阿五,0.635340
胡说,0.635268
房总,0.635204
先入,0.634952
爷们,0.634802
一传,0.633617
尔曼,0.633604
周鑫,0.633595
道人,0.633484
苏德,0.633365
土语,0.633264
法源,0.632392
瑞格,0.632072
大队,0.632013
换岗,0.631644
加得,0.631447
发带,0.630606
业余,0.630452
张雷,0.630069
小原,0.630034
呆若木鸡,0.629908
小贵,0.629720
富士,0.629552
电通,0.629253
小龙人,0.629243
瓦房店,0.628643
吉塔,0.628470
达旺,0.628335
天时,0.628054
阿骆,0.627773
不落,0.627328
张小文,0.627218
黄大,0.626741
小黑,0.626203
大庆,0.625598
飞马,0.625318
赤壁,0.625005
再选,0.624996
十六大,0.624351
群组,0.623521
中铁,0.623145
俘虏,0.623044
涡阳,0.622969
图克,0.622602
戴家,0.622305
口口,0.622252
性障碍,0.621818
上周末,0.621454
退伍兵,0.621437
威信,0.621362
需有,0.620960
花心,0.620834
采样,0.620390
厚生,0.620288
中德,0.620078
明发,0.619486
张林,0.619433
长沙人,0.618627
深有体会,0.618556
阿里扎,0.617958
广州队,0.617841
好运,0.617564
士林,0.617445
双喜,0.616988
精修,0.616807
出彩,0.616664
乐乐,0.616079
奖赏,0.615527
找出路,0.615292
郭子,0.615274
摘要,0.614810
不特,0.614208
抗拒,0.614078
越界,0.613637
土屋,0.613548
三千,0.613231
建材市场,0.613119
两不误,0.612905
提前完成,0.612800
小雄,0.612303
考拉,0.611675
三福,0.611417
得得,0.611255
部级,0.611146
张张,0.610839
徐先生,0.610642
加人,0.610567
排座次,0.610121
索南,0.610013
美差,0.609863
民权,0.609692
钓鱼台国宾馆,0.609635
刘英,0.609583
脑残,0.609527
布告,0.609325
贝利,0.609312
幼稚园,0.608863
老龚,0.608784
通电,0.607753
联邦,0.607430
吃粮,0.607414
张庭,0.606408
接好,0.605768
张楚,0.605450
七万,0.604995
网格,0.604545
念念不忘,0.604481
一致通过,0.604456
人中,0.603842
什邡,0.602981
火华,0.602683
大吉岭,0.602262
良好效果,0.602057
神兽,0.601865
适值,0.601151
芒果,0.601040
纠察队,0.600795
腾达,0.600520
刘兵,0.600511
新气象,0.600164
高会,0.599838
操刀,0.599793
省城,0.599728
催情,0.599642
久治,0.599254
天河,0.599076
无损,0.599054
远达,0.598737
蔡先生,0.598421
千禧,0.598051
雷米,0.598047
错误行为,0.597715
珍珍,0.597183
曾将,0.596670
河原,0.596614
无极限,0.596530
岂料,0.596068
巴库,0.595871
大食,0.595865
老头,0.595627
老窝,0.595528
求去,0.595523
闫芳,0.595076
块砖,0.594888
子良,0.594829
方成,0.594777
兴华,0.594258
杨佳,0.593999
裂变,0.593923
南风,0.593910
阳山,0.593750
同一个,0.593542
动态图,0.593315
水窖,0.593237
到顶,0.592885
穿针引线,0.592746
齐头,0.592252
混合,0.591772
新月,0.591311
白头山,0.590948
姨妈,0.590932
黑猫,0.590868
浩浩,0.590574
比利时,0.590553
陈先生,0.590470
压下来,0.590095
贺龙,0.589925
正明,0.589638
晓芳,0.589425
张龙,0.588619
治愈系,0.588464
总店,0.588395
洋葱头,0.588270
亨通,0.588008
房方,0.587887
阿斯兰,0.587748
盛典,0.586889
风灾,0.586876
美韩,0.586739
肥皂,0.586321
陆地,0.585353
谢涛,0.585261
运动健将,0.585253
牵住,0.585146
川西,0.584965
油层,0.584669
检察长,0.584573
唱主角,0.584364
两步,0.584203
泥坑,0.584034
我村,0.584012
吹鼓手,0.583777
提要,0.583749
试探性,0.583430
五马,0.583189
禁军,0.582975
农艺,0.582921
桥本,0.582864
声色,0.582805
豆包,0.582699
未完,0.582647
八十年代,0.582586
水泥厂,0.582574
此条,0.582136
紫荆花,0.582119
小农,0.582094
金融街,0.581825
扫光,0.581791
文版,0.581781
象样,0.581328
拜尔,0.581139
程然,0.581033
卡尔,0.580983
布施,0.580864
撒哈拉,0.580760
逼走,0.580728
开门,0.580274
庄公,0.580154
罗山,0.579950
哈市,0.579941
元气,0.579852
润和,0.579623
陈婷,0.579572
康威,0.579336
惟独,0.579158
再下,0.579091
年少,0.578891
内应,0.578802
不等,0.578796
恭送,0.578682
乡友,0.578379
深蓝,0.578286
钦州,0.578253
水饺,0.578178
魏国,0.577973
招纳,0.577778
张恺,0.577701
上曾,0.577668
凡人,0.577525
拉格,0.577208
所附,0.577134
德纳,0.577080
陈岚,0.576936
瓶子,0.576774
李豪,0.576744
跳过,0.576638
高昌,0.576420
裂帛,0.576110
奥林巴斯,0.576043
列成,0.575785
玛格丽特,0.575750
连城,0.575741
曼利,0.575728
呵呵,0.575649
福源,0.575587
止步,0.575540
妍妍,0.575302
刘小,0.575253
汤饭,0.575131
汉寿,0.575088
好好看,0.574996
大娘,0.574582
许广平,0.574523
你追我赶,0.574262
好友,0.574125
李舸,0.574089
误认,0.574000
详图,0.573941
配配,0.573814
赴任,0.573795
穗子,0.573537
特此,0.572939
高树,0.572770
时新,0.572753
神功,0.572656
速派,0.572033
刚刚,0.571745
前沿,0.571716
追认,0.571478
学武,0.571429
吉列,0.571324
紧绷,0.571304
王俊,0.571219
两城,0.571171
行动派,0.571152
冀东,0.570920
千真万确,0.570698
十一月,0.570626
派克,0.570621
万古,0.570601
酒会,0.570422
慰劳,0.570399
文斌,0.570373
晋京,0.569849
普通农民,0.569829
房山,0.569478
背靠背,0.569398
同是,0.569378
少年,0.569376
空白,0.569130
温先生,0.569027
建功立业,0.568989
大鸭梨,0.568779
杨树,0.568747
九位,0.568360
数人,0.568050
缴械,0.567897
杨云龙,0.567719
追风,0.567658
换购,0.567607
小火,0.567519
国美,0.567012
俺家,0.566989
师部,0.566576
陈小妹,0.566506
蒋志刚,0.566386
火鸟,0.566289
国能,0.566231
官兵们,0.566204
巴丹,0.566079
周文,0.565974
搞上去,0.565969
天涯咫尺,0.565847
在讲话中,0.565748
王泽,0.565657
海底捞,0.565635
别动队,0.565616
混乱状态,0.565490
师团,0.565472
金碗,0.565137
林山,0.565106
溧阳,0.565069
多者,0.564905
重机,0.564752
柬埔寨人,0.564749
李皓,0.564577
以弱胜强,0.564135
赛尔,0.563906
倒时差,0.563825
李清,0.563635
外网,0.563616
心服,0.563600
四人帮,0.563395
木拉,0.563358
王辉,0.562973
七寸,0.562913
九龙杯,0.562494
假若,0.562449
参与,0.562416
百尺竿头更进一步,0.562368
糖果,0.562364
二千五百,0.562277
屏蔽,0.562060
欢迎会,0.561995
劳动报,0.561700
李云迪,0.561552
姜先生,0.561540
前晚,0.561344
白天黑夜,0.561081
疯狂,0.561069
所存,0.561020
日惹,0.561012
早些,0.560814
咸宁市,0.560744
一昼夜,0.560699
护航,0.560645
人代会,0.560585
袁华,0.560544
杨明华,0.560505
金边,0.560148
穿山甲,0.560122
黑白,0.560104
全体人员,0.559898
叶群,0.559688
贝卡,0.559644
拼图,0.559512
罗川,0.559386
之和,0.558907
老猪,0.558899
选车,0.558878
可发,0.558853
艾敬,0.558664
三八节,0.558650
北京,0.558557
周华,0.558147
连续不断,0.557790
东厂,0.557600
教育法,0.557247
吉姆,0.557139
舌尖,0.557024
欢迎,0.557022
金莲,0.556954
宜于,0.556860
四万,0.556825
里来,0.556745
暴力团,0.556404
杨建国,0.556318
冰糖,0.556207
七三,0.555974
集体,0.555817
看错,0.555580
修复,0.555485
较紧,0.555144
速胜,0.554935
老东家,0.554823
个体户,0.554489
划给,0.554404
李安,0.554280
才大,0.554073
石楠,0.553433
来看,0.553245
还装,0.552964
农场,0.552958
套餐,0.552832
同步进行,0.552691
归入,0.552672
招工,0.552615
小集团,0.552231
拒绝,0.552174
开花,0.552104
观礼,0.551876
林青山,0.551799
长期保持,0.551318
胡萝卜,0.551241
黑泽,0.551028
名扬,0.550985
中华,0.550779
羊和,0.550685
西冲,0.550620
生物制品,0.550599
直扑,0.550585
志达,0.550249
亿万,0.550155
生产者,0.550026
泽林,0.549774
雷刚,0.549673
垂涎三尺,0.549589
贼船,0.549510
东北亚,0.549323
求爱,0.549129
搭上,0.548948
流浪者,0.548671
自满,0.548660
贺喜,0.548544
下片,0.548510
埃菲尔,0.548347
向王,0.548028
都未,0.547493
检察官,0.547409
影视界,0.547311
双燕,0.547204
泥巴,0.547182
表白,0.547061
主打,0.547032
十三,0.546995
时有,0.546948
潮白河,0.546814
独立,0.546772
泥浆,0.546547
子游,0.546501
专利,0.546323
沼气,0.546033
义利,0.545962
春茶,0.545923
迁坟,0.545827
西一,0.545816
不象,0.545743
迎春,0.545613
消声,0.545582
电工,0.545491
现时,0.545416
河北省张家口,0.545397
神曲,0.545358
灵璧,0.545350
刘奇葆,0.545321
长于,0.545253
加图,0.544926
百份,0.544857
风正,0.544755
呆呆,0.544703
下有,0.544647
孙宇,0.544477
锦上添花,0.544325
经济特区,0.544298
巴方,0.544273
镇江,0.544089
大庆市,0.544086
总负责人,0.544023
暗影,0.543860
国宾,0.543842
日喀则地区,0.543792
陈老师,0.543492
录象,0.543441
结缘,0.543355
南工,0.542957
迎上,0.542865
刘楠,0.542745
鹊桥,0.542627
物质条件,0.542455
阿加莎,0.542378
当周,0.542352
车夫,0.542132
可算,0.541714
高松,0.541607
克里,0.541148
小庄,0.540902
代班,0.540757
街车,0.540753
积存,0.540582
越飞,0.540489
天桥,0.540484
要闹,0.540070
献身,0.539889
招募,0.539628
李春明,0.539593
红棉,0.539327
郭静,0.539075
蛇仙,0.539031
所办,0.538998
李坤,0.538905
元亨,0.538831
过渡性,0.538661
西苑,0.538635
以法,0.538572
失落,0.538393
额外收费,0.538302
女队员,0.538264
童颜,0.538213
杨琳,0.538169
即行,0.538161
从政,0.537929
精打细算,0.537900
箱形,0.537695
异地,0.537497
乌拉,0.537487
胡克,0.537035
小勇,0.536977
大势,0.536957
对数,0.536951
沾光,0.536519
难以完成,0.536354
国税局,0.536273
投放,0.536262
货价,0.536118
原阳,0.536111
赵大叔,0.535925
绍兴县,0.535801
民工,0.535634
到户,0.535504
北京天安门广场,0.535144
受到限制,0.535111
劲头十足,0.535086
澳大利亚人,0.535042
来试,0.535032
勤工俭学,0.534871
战士,0.534856
视察,0.534743
运河,0.534716
洋中,0.534707
壳牌,0.534703
顾虑重重,0.534495
马强,0.534489
抹茶,0.534377
港产,0.534256
恐惧症,0.534161
好办,0.533622
历害,0.533460
石嘴山市,0.533369
村委会,0.533342
鸦片,0.533286
中上层,0.533240
有点烦,0.533085
二两,0.533020
不拿,0.532977
沉下去,0.532973
渴求,0.532852
转回,0.532744
龙大,0.532670
负责制,0.532619
晚生,0.532573
斯帕,0.532455
献出,0.532439
竹溪,0.532277
朱斌,0.532256
河南省军区,0.531972
水塔,0.531820
二流,0.531772
碎语,0.531754
南国,0.531713
心动,0.531690
江静,0.531519
自小,0.531514
自始至终,0.531283
伊春市,0.531280
郝敏,0.530788
空下来,0.530780
再入,0.530627
奶牛场,0.530457
不如,0.530438
浦口,0.530299
赵龙,0.530189
公论,0.530163
寻欢,0.530026
党刊,0.530008
硬货,0.529923
家口,0.529826
给以,0.529407
吴松,0.529236
滑动,0.529190
武校,0.529091
飘然,0.529088
晓磊,0.529030
广兴,0.528985
整装,0.528662
吃早餐,0.528615
份内,0.528600
鲜明对比,0.528360
日落,0.528354
一叶知秋,0.528307
求好,0.528270
发展中心,0.528176
初夏,0.528148
九代,0.528131
分之三,0.527872
开有,0.527744
鄱阳县,0.527593
无花果,0.527415
全运,0.527385
参议院,0.527384
后边,0.527247
海马,0.527147
张朋,0.527065
范冰冰,0.527046
英方,0.527045
贝家,0.526960
崇安,0.526696
原形,0.526420
鲁宾逊,0.526380
芽庄,0.526250
愿去,0.526116
自建,0.526108
花柳,0.526087
全套,0.526017
乱七八糟,0.526002
散乱,0.525975
裨益,0.525883
兰卡,0.525674
戴平,0.525654
减压,0.525647
断层,0.525638
玩火,0.525568
现代,0.525442
砸碎,0.525279
河畔,0.525200
明后年,0.525095
精准,0.525063
天目,0.524977
王宝强,0.524791
加快速度,0.524712
苏文,0.524501
萨摩,0.524488
鲍恩,0.524457
王珏,0.524271
澳政府,0.524025
兵站,0.523835
宽大,0.523722
我们,0.523699
大红包,0.523553
现如今,0.523496
关键人物,0.523385
秋至,0.522953
迁就,0.522758
深得民心,0.522636
张晓理,0.522445
水钻,0.522432
城寨,0.522402
归还,0.522338
举行仪式,0.522173
象棋,0.522081
湘军,0.522033
锦里,0.521897
向东,0.521570
症候群,0.521545
分利,0.521389
头里,0.521220
派到,0.521104
开先,0.521102
沙丘,0.521042
朗格,0.521038
会后,0.520999
名牌产品,0.520951
盛夏,0.520906
绝交,0.520824
铜锁,0.520786
编到,0.520775
安全区,0.520557
李和平,0.520379
高雄港,0.520160
充分体现,0.519883
电子机械,0.519859
谈论着,0.519811
撮合,0.519754
选入,0.519727
夹心,0.519554
深圳市委,0.519487
自由发挥,0.519450
沙田,0.519441
邢台市,0.519420
金泰,0.519407
革命性,0.519356
左右为难,0.519253
正像,0.519100
王主任,0.519091
大典,0.519011
初显,0.518978
近百年来,0.518708
副总,0.518695
滥发,0.518628
伙子,0.518528
明察暗访,0.518487
纳税人,0.518443
少之又少,0.518442
张雨,0.518397
罢工,0.518358
银针,0.518220
大部,0.518165
金佛,0.518162
举步维艰,0.518101
残存,0.518039
北汉,0.517809
造反派,0.517713
曹欣,0.517407
海德拉巴,0.517305
加多宝,0.517223
不言,0.517203
询价,0.517135
大吃一惊,0.516906
定级,0.516775
世博园,0.516679
张乐,0.516562
党的政策,0.516538
威风,0.516468
蓝岛,0.516459
外交部,0.516415
华龙,0.516238
电波,0.516191
罗那,0.516043
人民政府,0.515929
低保户,0.515853
自定,0.515803
地委,0.515776
微机,0.515670
台港澳,0.515668
姜洋,0.515657
脱单,0.515625
包下,0.515553
新任务,0.515548
祖国统一,0.515524
小邓,0.515368
果业,0.515263
王老吉,0.515254
房中,0.515085
兆头,0.515034
才看,0.514883
心事,0.514874
毒辣,0.514859
在任,0.514755
塔尼,0.514748
力推,0.514639
张艺,0.514471
鸟市,0.514470
前一阵子,0.514428
美英,0.514384
少有,0.514365
郭某某,0.514294
推杆,0.514190
焰火,0.513998
混血,0.513978
具体操作,0.513921
绿谷,0.513858
尼加拉瓜,0.513842
全以,0.513657
巨眼,0.513566
思想解放,0.513514
可别,0.513461
舍尔,0.513343
苏步青,0.513255
应许,0.513254
小侯,0.513157
路畅,0.513147
分家,0.513014
符号,0.512962
中藏,0.512724
整风,0.512709
畅销,0.512698
时态,0.512681
录影,0.512641
肃清,0.512634
大肆宣传,0.512265
初选,0.512098
小毛,0.512072
农转非,0.512033
卡罗琳,0.511954
就位,0.511678
王二,0.511674
苏醒,0.511669
价值,0.511561
褚橙,0.511555
爱新,0.511537
领导小组,0.511524
布拉特,0.511494
昭昭,0.511398
人道,0.511320
蓝宝,0.511233
诊疗室,0.511168
特区政府,0.511042
不可动摇,0.511019
昌黎县,0.510970
昆明百货大楼,0.510895
横路,0.510801
产经,0.510769
坐地,0.510768
上钩,0.510719
价低,0.510444
名为,0.510364
神枪,0.510361
从此,0.510285
十八大,0.509997
光明日报,0.509622
北江,0.509538
大肚,0.509271
左边,0.509229
五芳斋,0.509009
教学中心,0.508939
扬眉吐气,0.508411
街头巷尾,0.508353
洱海,0.508328
油菜,0.508228
闻鸡起舞,0.508100
托塔,0.508063
药业,0.508052
人民战争,0.508047
新航,0.507853
伯尔尼,0.507843
如有,0.507814
茅以升,0.507736
海南岛,0.507711
马君,0.507536
深表遗憾,0.507519
追授,0.507440
中方,0.507361
韩超,0.507240
学工,0.507175
八项注意,0.506853
看有,0.506635
麦克阿瑟,0.506449
防腐,0.506405
大亨,0.506308
焕彩,0.506218
延续下去,0.506082
长上,0.506078
复生,0.506001
一举成名,0.505924
严打,0.505905
洪光,0.505865
徐宏,0.505858
达菲,0.505821
都起,0.505719
从头至尾,0.505705
红塔集团,0.505691
官方论坛,0.505519
游水,0.505298
图志,0.505296
引出,0.505253
投到,0.504746
鸟巢,0.504659
令公,0.504546
纪念刊,0.504391
洗心,0.504385
通网,0.504296
勤快,0.504192
乳酪,0.504187
自备,0.504143
仁青,0.504141
忠县,0.504108
美华人,0.503997
不管,0.503956
入市,0.503937
大赦,0.503853
强迫,0.503696
宋玉,0.503601
王院,0.503553
郭威,0.503391
梁原,0.503291
凑出,0.503284
沙威,0.503200
蔡教授,0.503121
营商,0.503101
年近,0.503100
黑娃,0.502879
程序和,0.502838
交出来,0.502823
懒得,0.502811
中央银行,0.502697
万寿无疆,0.502678
减掉,0.502599
何炅,0.502590
香港地区,0.502584
宣誓,0.502567
华东地区,0.502460
旺加,0.502206
贾夫纳,0.501808
舱房,0.501673
空间,0.501586
前几日,0.501558
山乡,0.501525
陈小姐,0.501440
步调,0.501417
徐星,0.501334
胜似,0.501239
跃过,0.501113
南阳市,0.501042
旧习,0.500951
别墅区,0.500738
城关区,0.500662
朱青,0.500606
风水,0.500500
跨海大桥,0.500488
远郊,0.500466
陆运,0.500453
举旗,0.500440
暮光,0.500372
漏斗,0.500338
极端,0.500272
高智,0.500224
零星,0.500133
塞尔,0.500120
不惜代价,0.500095
大师兄,0.499986
周初,0.499907
卖钱,0.499897
齿科,0.499868
都是非,0.499685
管理学院,0.499572
骨干,0.499496
盼望着,0.499417
富平县,0.499413
脱力,0.499410
李台,0.499359
牛虻,0.499337
牛蹄,0.499237
攫取,0.499063
春色满园,0.499058
影音,0.498897
无声,0.498880
刚要,0.498800
面谈,0.498632
听涛,0.498584
劳务,0.498566
包场,0.498340
大定,0.498312
空想,0.498231
院团,0.498202
欧莱雅,0.498107
月夜,0.498089
吹吹,0.498084
媒体中心,0.498036
月老,0.497659
洗脸,0.497416
口头,0.497414
夕阳西下,0.497402
百货业,0.497329
渭源,0.497218
天仙,0.497149
精品,0.497026
子乔,0.496986
借口,0.496958
宋强,0.496742
唐宁街,0.496092
重于,0.495878
刘俊杰,0.495825
殊途同归,0.495728
酒局,0.495601
出奇,0.495543
均安,0.495519
避险,0.495452
全家福,0.495401
每周五,0.495238
陈世杰,0.495173
高昂,0.494717
顾青,0.494607
人心涣散,0.494516
沟渠,0.494367
重新分配,0.494316
队会,0.494307
粗暴,0.494268
难以确定,0.494257
责任重大,0.494240
中资,0.494221
原形毕露,0.494193
请假,0.494152
地下党,0.494053
李烨,0.494049
无愧,0.493975
张成,0.493941
比较落后,0.493903
会分,0.493802
和平饭店,0.493449
保定,0.493230
乌龟,0.492990
修正主义,0.492985
去年今天,0.492920
所要,0.492798
春笋,0.492702
杨山,0.492490
分居,0.492312
惟有,0.492290
棋迷,0.492269
配眼镜,0.492252
任君,0.492203
积满灰尘,0.492107
平凉市,0.492093
最全,0.492078
水煮,0.491973
缘份,0.491840
蛰居,0.491790
铁皮,0.491751
话锋一转,0.491716
新场,0.491687
自认,0.491520
头顶,0.491462
乌鲁木齐市,0.491454
华仔,0.491240
飞快,0.491173
不须,0.490998
余辉,0.490928
共荣圈,0.490911
分过,0.490868
传阅,0.490785
着色,0.490784
蜂场,0.490617
贝母,0.490567
嘎啦,0.490516
所有制,0.490481
娱乐中心,0.490400
香柚,0.490262
欧盟委员会,0.490131
餐饮公司,0.490126
梯队,0.490061
酒场,0.489881
瞄准,0.489837
国粹,0.489752
通缉,0.489743
中泽,0.489703
调性,0.489696
放飞,0.489537
初步统计,0.489515
一辈子,0.489455
门巴,0.489410
搞成,0.489392
合围,0.489371
新彩,0.489150
贴地,0.489115
复杂化,0.489091
敏感时期,0.489027
瓦砾,0.488905
蓝天,0.488780
服务站,0.488595
撑腰,0.488584
必要性,0.488446
从零开始,0.488299
脉搏,0.488293
孙博,0.488284
木鱼镇,0.488276
上路,0.488233
小商,0.488230
草滩,0.488200
哈哈哈,0.488013
吞没,0.487970
三大纪律,0.487942
绿水青山,0.487917
尖刀,0.487850
寄予厚望,0.487820
县乡,0.487758
话说回来,0.487566
回春,0.487541
被逼,0.487510
打碎,0.487297
甘居,0.487178
亲戚关系,0.487077
期内,0.487027
拜服,0.486958
藏酒,0.486878
吐槽,0.486877
草鞋,0.486723
硕果累累,0.486516
较晚,0.486214
城前,0.486166
改装,0.486089
讨好,0.486067
家书,0.486018
假想,0.485637
围场,0.485609
艾丽,0.485593
并行,0.485558
菊儿胡同,0.485540
七百,0.485473
经风雨,0.485378
扯皮,0.485310
国发,0.485240
寻找机会,0.485198
最远,0.485057
黄江,0.485020
施用,0.485018
发送,0.485013
钱用,0.484984
淡定,0.484863
牵牛,0.484673
盘中,0.484599
甲虫,0.484542
抽调,0.484396
偕老,0.484292
秦光荣,0.484215
疏通,0.484212
物质奖励,0.484200
地雷阵,0.483909
福州,0.483882
马未都,0.483869
唐朝,0.483861
恢复,0.483793
圣殿,0.483683
静态,0.483597
葡萄园,0.483580
眉毛,0.483470
烧鸡,0.483424
黄河三角洲,0.483421
异国,0.483303
闹洞房,0.483275
伴侣,0.483198
虚惊一场,0.483196
热带雨林,0.483192
谁料,0.483136
托儿所,0.483079
分队,0.483056
天鹅,0.483005
牧歌,0.482972
至多是,0.482766
全屋,0.482642
发改委,0.482547
达瓦,0.482520
开征,0.482430
昂山素,0.482428
大聚会,0.482372
点播,0.482349
家访,0.482335
小熊猫,0.482318
教育培训,0.482280
大案要案,0.482147
宋子文,0.482147
烈酒,0.482142
急躁,0.482122
不慌,0.481879
由省,0.481842
刘旭,0.481837
输送到,0.481821
琼中,0.481728
固始,0.481513
许亮,0.481418
贼心,0.481305
中奖,0.481272
报时,0.481060
疏理,0.481023
小额贷款,0.480927
第十七届,0.480678
放大,0.480480
分店,0.480420
伊拉,0.480338
猫狗,0.480290
石家庄市,0.480264
悲观失望,0.480215
交恶,0.480184
井蛙,0.480158
高要,0.480070
上至,0.480058
毛钱,0.480013
生命线,0.479973
九年制,0.479890
搅乱,0.479876
宏安,0.479823
绿园,0.479695
全数,0.479634
红利,0.479576
断开,0.479567
搭帮,0.479491
独龙族,0.479450
无人管,0.479327
无可置疑,0.479294
必定会,0.479244
天津市政府,0.479035
战略重点,0.479026
修通,0.478982
赵州,0.478890
创见,0.478835
力气,0.478834
拖拖,0.478748
多渠道,0.478735
硬糖,0.478699
守信,0.478540
泗洪,0.478535
撒切尔,0.478465
莱昂,0.478457
王济民,0.478444
王啸,0.478443
战斗准备,0.478360
宰相,0.478283
有求于,0.478263
失准,0.478260
俄国,0.478241
创优,0.478112
掐头去尾,0.478066
十拿九稳,0.477992
双林,0.477956
盲人,0.477875
守军,0.477863
充塞,0.477657
自然规律,0.477618
日内,0.477588
豪华酒店,0.477548
牌价,0.477488
礼拜,0.477468
牙科医生,0.477456
悄悄地,0.477344
泄露,0.477307
慎重对待,0.477279
遥遥领先,0.477231
张牙舞爪,0.477139
软环境,0.477112
并称,0.477096
东正,0.476942
马拉维,0.476899
杨丽,0.476705
高尔夫球,0.476606
陈小毛,0.476597
古北,0.476587
英式,0.476532
历史舞台,0.476499
头衔,0.476486
问问,0.476466
上弦,0.476439
等比,0.476431
倒退,0.476330
家用,0.476253
减下,0.476240
重洋,0.476230
周代,0.476138
铁蛋,0.476070
湘江,0.476037
丽江古城,0.476009
赵鹏飞,0.475873
船工,0.475861
拍案而起,0.475826
配有,0.475794
钞票,0.475741
麦芽,0.475725
闽侯县,0.475689
前面,0.475658
雅典奥运,0.475592
大错特错,0.475507
孔子学院,0.475492
喜羊羊,0.475412
推辞,0.475398
朝夕,0.474855
财商,0.474708
剧团,0.474707
美术馆,0.474687
桃心,0.474675
下方,0.474628
建树,0.474610
党和人民,0.474538
热情服务,0.474503
爆料,0.474477
碰壁,0.474458
后天,0.474324
照会,0.474284
帝国时代,0.474262
孙总,0.474178
北京国安,0.474120
常讲,0.474070
欢唱,0.474038
汉诗,0.474035
抽得,0.473973
郎君,0.473733
中转站,0.473641
白干,0.473588
不保,0.473542
大清早,0.473515
总得,0.473364
悔改,0.473347
刚说,0.473251
欢迎您,0.473201
试吃,0.473010
难逃,0.472961
向荣,0.472909
每片,0.472842
加勒,0.472758
抽空,0.472749
逗笑,0.472622
思想觉悟,0.472531
弹壳,0.472382
受制于,0.472245
巴萨,0.472230
侯老,0.472211
林金,0.472177
冬训,0.472119
高炮,0.472090
有可能,0.472055
灯芯绒,0.471967
抗体,0.471901
共浴,0.471836
及时雨,0.471659
坚持到底,0.471551
龙宫,0.471542
咸猪手,0.471531
誓师大会,0.471506
张学友,0.471501
双环,0.471498
亚特兰大,0.471366
马建平,0.471354
软硬,0.471236
两星期,0.470952
西兰花,0.470919
升值,0.470845
调研组,0.470827
合作愉快,0.470821
重大新闻,0.470738
变好,0.470627
大众,0.470580
希腊政府,0.470511
五斗米,0.470506
休班,0.470440
北斗星,0.470420
情意,0.470381
民富国强,0.470369
课件,0.470350
都是种,0.470346
厅里,0.470256
伊朗人,0.470239
政变,0.470119
择选,0.470080
天义,0.470073
转头,0.470021
评书,0.469999
高官厚禄,0.469998
金字招牌,0.469928
光速,0.469834
进阶,0.469806
万民,0.469768
全员,0.469700
记成,0.469682
南岗,0.469656
奔奔,0.469652
一帮人,0.469619
虽说,0.469475
行动队,0.469300
江平原,0.469291
小板,0.469288
完全,0.469259
刘备,0.469239
张志新,0.469228
深圳,0.469216
缓缓,0.469168
渴慕,0.468888
器皿,0.468851
风与,0.468817
哥俩,0.468752
快干,0.468681
听会,0.468614
正果,0.468591
哈勒姆,0.468558
不在此列,0.468442
泥猴,0.468442
打高尔夫,0.468412
法律常识,0.468353
邮局,0.468208
即好,0.468187
语气,0.468147
五世,0.468092
偏少,0.468054
莅临,0.467958
马扎罗,0.467934
周云蓬,0.467793
科博会,0.467731
亚龙湾,0.467691
浪漫,0.467634
夏治,0.467496
夏利,0.467303
重组,0.467073
苏献忠,0.467064
广大群众,0.467035
应天,0.466993
县内,0.466803
还给,0.466700
日趋严重,0.466565
希望小学,0.466560
前些年,0.466364
三门峡市,0.466326
巴甫洛夫,0.466280
顶端,0.466273
王教授,0.466250
定论,0.466239
辣木,0.466215
塑造出,0.466208
胶鞋,0.466009
王蕾,0.465931
中策,0.465833
大器,0.465827
罗旭,0.465738
郑爽,0.465701
在即,0.465645
牙齿,0.465594
大老,0.465492
订价,0.465391
慢步,0.465195
檀香山,0.465162
勤学,0.465075
梦之旅,0.465011
福如东海,0.464842
一多半,0.464829
月儿,0.464791
高难,0.464735
幻觉,0.464477
恨之入骨,0.464443
麻将牌,0.464396
老祖母,0.464392
波哥大,0.464312
重构,0.464303
无牵无挂,0.464233
罗比,0.464091
大足,0.464070
成片,0.464060
过得去,0.464031
公安,0.463999
伶俐,0.463878
河清,0.463818
白狐,0.463790
恶心,0.463570
眼镜,0.463342
内战,0.463177
赛区,0.463149
往下拉,0.463133
决定,0.463058
切片,0.463000
出国游,0.462971
中国乒乓球队,0.462943
佛教徒,0.462848
分水岭,0.462733
舞姬,0.462667
汇给,0.462579
方案,0.462172
北京台,0.462052
好运来,0.462016
严防,0.461940
影吧,0.461863
怠慢,0.461635
杀掉,0.461595
德才兼备,0.461364
名利双收,0.461330
毛瑟,0.461261
苏斯,0.461245
国际博物馆,0.461228
大嫂,0.461208
藩篱,0.461062
下机,0.461046
横竖,0.461015
雁声,0.460830
提意见,0.460677
柏树,0.460668
牧民,0.460664
拉达克,0.460608
处处,0.460502
游牧,0.460409
专题报道,0.460404
关键时期,0.460353
疏散,0.460320
蝉联冠军,0.460236
遭人,0.460176
单反相机,0.460095
断崖,0.460005
和面,0.459880
兴致勃勃,0.459721
一知半解,0.459672
打字机,0.459529
螃蟹,0.459279
等等,0.459250
海啸,0.459217
商量,0.459164
核潜艇,0.459140
外星人,0.459128
这家,0.459084
垂涎欲滴,0.459060
沽源,0.458947
欲哭无泪,0.458916
全然不知,0.458905
有朝一日,0.458829
采血,0.458810
划去,0.458808
下堂,0.458721
后裔,0.458627
高悬,0.458596
建好,0.458480
仆人,0.458439
小白菜,0.458374
手摇,0.458346
不法,0.458203
矿坑,0.458188
北海市,0.458102
流产,0.458093
欧美大,0.458067
小题,0.458032
武器装备,0.457941
波澜不惊,0.457934
闻道,0.457900
风生水,0.457862
行乞,0.457802
阴谋家,0.457739
拓荒者,0.457627
永春县,0.457515
连洗,0.457461
当务之急,0.457459
算法,0.457349
借给,0.457347
基本,0.457334
必要,0.457307
坐牢,0.457152
炸得,0.457131
详细分析,0.457115
石川县,0.457100
腹背受敌,0.457017
分批,0.457010
训练场,0.456934
稳稳当当,0.456933
不死鸟,0.456736
施一公,0.456726
花仙子,0.456683
大部份,0.456677
浏览,0.456631
山羊皮,0.456467
卫星电视,0.456434
跳蚤市场,0.456433
造型艺术,0.456370
退化,0.456315
谈论,0.456295
京剧演员,0.456204
拼命三郎,0.456129
笑着,0.456071
领赏,0.456061
睡过,0.456022
衬底,0.455844
等同于,0.455834
糖浆,0.455823
周六,0.455796
深深地,0.455700
提报,0.455556
其人,0.455485
青春期,0.455459
有胆有识,0.455330
秦始皇,0.455316
字幕,0.455312
有用吗,0.455259
星探,0.454907
才有大,0.454907
冥冥,0.454812
阳光男孩,0.454645
指路,0.454608
苏健,0.454587
保驾护航,0.454445
投入市场,0.454435
来听,0.454330
演变史,0.454299
要以,0.454286
查封,0.454284
何玲,0.454067
基本一致,0.453983
果盘,0.453936
象背,0.453844
一带,0.453765
艳霞,0.453752
故称,0.453729
明令禁止,0.453724
党史,0.453694
帕尔,0.453658
科学发展观,0.453513
没准儿,0.453407
冤案,0.453371
海疆,0.453330
带团,0.453307
舍生忘死,0.453174
本意,0.453159
八九十,0.453083
美德,0.453050
连年,0.453038
禅心,0.452976
张皎,0.452913
一年到头,0.452899
英勇无畏,0.452841
中部,0.452808
气象预报,0.452739
年岁,0.452602
绵阳,0.452591
三湖,0.452552
卫生死角,0.452527
厦门市,0.452445
柔石,0.452402
义兴,0.452395
卓尼县,0.452391
叙利亚,0.452307
乔治亚,0.452280
去找,0.452269
不论,0.452266
正派,0.452219
中美,0.452149
集纳,0.452136
脚下,0.452086
三亚机场,0.452047
过草地,0.451824
商号,0.451824
夺食,0.451662
西芹,0.451615
相会,0.451545
出卖人,0.451513
花牛,0.451496
老茶馆,0.451438
走单骑,0.451401
富二代,0.451348
大忙人,0.451180
民意代表,0.451169
痴情,0.451132
必能,0.450955
女同事,0.450933
易发,0.450845
吸氧,0.450749
食料,0.450642
雨石,0.450446
迷醉,0.450417
致贫,0.450407
陈里,0.450364
刻录,0.450347
于其,0.450234
捕捉,0.450204
南疆,0.450194
有情人,0.450107
古民居,0.450075
必胜客,0.450074
裁衣,0.450035
共存亡,0.449996
开天窗,0.449876
摊开,0.449854
沈氏,0.449801
原产,0.449790
很急,0.449688
导体,0.449538
颇重,0.449404
汉服,0.449272
下到,0.449077
交互,0.449060
西看,0.449056
牵到,0.449050
至正,0.448955
周虹,0.448908
验过,0.448883
父爱,0.448879
外国货,0.448798
马格,0.448589
华洋,0.448563
摔跤,0.448538
紫气东来,0.448532
出声,0.448495
神女,0.448444
借此机会,0.448353
意大利,0.448274
柿叶,0.448271
于是就,0.448194
章法,0.448179
歌剧舞剧院,0.447945
毛在,0.447872
不容小视,0.447865
奶茶店,0.447802
明辨,0.447710
难怪,0.447591
筋斗云,0.447566
毛躁,0.447268
三重县,0.446970
国共两党,0.446930
云淡风轻,0.446908
微调,0.446860
人民英雄纪念碑,0.446850
少儿不宜,0.446635
挑灯夜战,0.446589
荞面,0.446549
无一例外,0.446533
寻根,0.446460
黔南布依族苗族自治州,0.446360
永远,0.446282
海鱼,0.446233
滑入,0.446168
产品出口,0.446029
牵动,0.445998
休止,0.445977
氯丁橡胶,0.445964
俄罗斯政府,0.445796
反导,0.445794
春风,0.445692
演练,0.445670
抱憾终生,0.445657
东营,0.445596
数倍,0.445408
如期举行,0.445373
小天才,0.445325
厘米,0.445302
不良行为,0.445302
发生地,0.445262
滋生,0.445017
杂工,0.445015
愿景,0.444977
护花使者,0.444841
全体,0.444532
戈戈,0.444470
学子,0.444281
想用,0.444237
排除万难,0.444212
傅莹,0.444148
抢点,0.444034
内在联系,0.444016
接住,0.444008
罗德,0.443989
遍数,0.443934
看住,0.443901
纯粹,0.443885
面对现实,0.443878
集中精力,0.443835
阴影,0.443833
牵头,0.443761
侧重,0.443653
可点,0.443637
说白了,0.443587
森林保护,0.443470
晋阳,0.443456
老怪,0.443246
雨后春笋,0.443203
吞并,0.443142
半仙,0.443119
老萧,0.443066
圆满完成,0.442906
浙南,0.442860
小边,0.442676
秋茶,0.442668
搀假,0.442657
种子选手,0.442619
市县,0.442594
沙和,0.442568
发出通知,0.442561
呱呱叫,0.442549
瑶族,0.442530
烧黑,0.442506
飓风,0.442486
灰溜溜,0.442382
不利,0.442374
孙立人,0.442311
擦身而过,0.442285
拔起,0.442265
美圆,0.442202
六州,0.442047
小猴子,0.442009
棚屋,0.442005
夸夸,0.441975
强大,0.441925
大扫除,0.441900
中国卫生部,0.441841
极为重要,0.441762
粤剧,0.441625
重大意义,0.441559
代代,0.441501
鲑鱼,0.441457
若即若离,0.441452
径自,0.441437
雇用,0.441278
优价,0.441194
副总监,0.441136
不计成本,0.441034
儿童片,0.441034
红叶,0.441026
仁政,0.440969
无线电,0.440963
有何不可,0.440931
深圳大学,0.440925
壹基金,0.440910
妊娠,0.440873
回赠,0.440852
新闻资讯,0.440825
编造,0.440777
考核制度,0.440752
公积金,0.440741
长征医院,0.440736
玄关,0.440646
天龙八部,0.440636
揭发,0.440570
活跃,0.440556
独到之处,0.440459
自掘坟墓,0.440349
乔家,0.440167
永定县,0.440029
整改措施,0.440020
爱达,0.440009
探视,0.440007
全人类,0.439738
击落,0.439685
古庙,0.439664
弹丸之地,0.439624
杨镇,0.439579
独脚,0.439490
压压,0.439354
山不转,0.439349
粗放,0.439329
悲欢,0.439287
不羁,0.439182
横空出世,0.439181
登记证,0.439164
仁爱,0.439060
压着,0.438991
这款,0.438990
基本农田,0.438973
一次性,0.438960
没准,0.438913
政企,0.438882
来迟,0.438799
承想,0.438792
万难,0.438667
还过,0.438541
排头兵,0.438441
英烈,0.438406
丛林,0.438392
伊兹密尔,0.438375
风物长宜放眼量,0.438351
蓄势待发,0.438299
十八九,0.438251
矢志,0.438210
嘴唇,0.438142
那朵,0.438112
蓝队,0.437940
登山运动,0.437902
酒徒,0.437898
通麦,0.437693
小和尚,0.437663
分行,0.437553
上个世纪,0.437483
没有勇气,0.437405
要带头,0.437361
强将,0.437357
日记本,0.437215
构成威胁,0.437147
败坏,0.437138
发于,0.437137
云梦,0.437117
万马奔腾,0.437116
疑虑,0.436940
围绕,0.436930
黑鱼,0.436684
难以实现,0.436632
有异,0.436560
土木工程,0.436522
前身,0.436504
跑进,0.436470
考题,0.436456
劲头,0.436445
缺角,0.436413
格桑花,0.436315
角斗场,0.436304
病毒,0.436209
中心区,0.436069
电白,0.436049
来西,0.436041
献丑,0.436024
扫雪,0.435964
无人区,0.435945
艾肯,0.435872
茵茵,0.435859
传送,0.435844
收受,0.435784
碎片,0.435764
校园,0.435722
普密蓬,0.435704
鹏程万里,0.435619
受过,0.435460
刻板,0.435384
能留,0.435335
民资,0.435328
侵袭,0.435289
顾贝贝,0.435272
古雅,0.435146
小魔仙,0.435031
长留,0.434718
少妇,0.434705
退税,0.434682
思想感情,0.434398
冬奥,0.434395
接口处,0.434374
玛丽安,0.434249
那曲地区,0.434159
农谚,0.433946
主体工程,0.433869
车船税,0.433352
发卷,0.433311
界河,0.433111
从来,0.433106
反对者,0.433084
修修,0.433045
恒达,0.432999
宝库,0.432983
手制,0.432941
科罗拉多州,0.432826
新址,0.432699
于公,0.432648
教徒,0.432626
插进,0.432593
欢度春节,0.432517
查办,0.432499
古往今来,0.432457
两岸关系,0.432426
研判,0.432385
信息产业,0.432369
老僧,0.432355
惶恐不安,0.432111
迫不急待,0.432094
网络作家,0.432092
刘凯,0.432023
码头,0.431813
犬牙交错,0.431803
左侧,0.431567
打洞,0.431544
厕纸,0.431524
此公,0.431262
功力,0.431241
最好,0.431233
取闹,0.431204
营利性,0.431195
人言,0.431185
虚弱,0.431137
下落,0.431124
正着,0.430936
各部委,0.430885
奇缘,0.430880
外逃,0.430857
哈萨克,0.430798
法制建设,0.430772
天黑黑,0.430744
油站,0.430733
美容院,0.430673
邹城,0.430639
神变,0.430392
时机未到,0.430375
中洞,0.430375
百年之后,0.430311
罗总,0.430271
意念,0.430166
赛车场,0.429971
司法,0.429968
减税,0.429919
庙后,0.429876
菲利普,0.429864
山坳,0.429823
交错,0.429783
港台,0.429727
创造,0.429669
权力,0.429583
摇身,0.429529
安静,0.429528
并不多,0.429507
黄河流域,0.429501
那时候,0.429374
郴州市,0.429272
海淀区政府,0.429246
水底,0.429178
美少年,0.429045
郭胜,0.428977
胜算,0.428896
倒金字塔,0.428874
抢救,0.428805
玉照,0.428725
完善,0.428614
增辉,0.428330
海深,0.428286
崽儿,0.428280
芹菜,0.428280
犯罪团伙,0.428271
相谈,0.428162
皇皇,0.428159
月份,0.428119
混战,0.428117
达海,0.428064
母语,0.428048
爱好和平,0.428036
绥滨,0.428033
高院,0.427822
约束力,0.427803
音乐堂,0.427716
久之,0.427388
老海,0.427381
增收,0.427272
供热,0.427266
童贞,0.427244
胸前,0.427228
领养人,0.427180
宴席,0.427180
黄果树,0.427122
忠于职守,0.427099
余人,0.427073
公司财务,0.426938
咂嘴,0.426697
回家路上,0.426655
学前,0.426526
阿博,0.426445
总分,0.426441
机遇,0.426404
变形金刚,0.426394
行动计划,0.426202
王青,0.426188
茶行,0.426179
肉汁,0.426166
于是来,0.426107
副总裁,0.425966
原始社会,0.425956
斯特拉斯堡,0.425942
活口,0.425941
孙师傅,0.425799
短短的,0.425776
张来,0.425650
相互关系,0.425641
两弹一星,0.425583
绣娘,0.425531
货架,0.425508
求子,0.425406
旅游区,0.425397
虎视眈眈,0.425299
买回来,0.425261
圈外,0.425041
地缘,0.424978
今儿,0.424977
见得,0.424961
创办,0.424916
貌相,0.424892
鸿山,0.424885
华夏大地,0.424876
王冲,0.424847
慢一拍,0.424794
排版,0.424726
玉手,0.424684
附院,0.424623
给足,0.424511
培训部,0.424474
朱旭,0.424460
管理司,0.424408
教民,0.424384
懂不懂,0.424350
装备齐全,0.424234
剧院,0.424192
韵文,0.424178
君越,0.424176
葡萄沟,0.424165
黑虎,0.424128
力帆,0.423821
百思不得其解,0.423776
疾风知劲草,0.423655
骑着,0.423576
居住地,0.423566
防患未然,0.423501
胡汉,0.423461
字音,0.423415
投入产出,0.423410
挥舞,0.423406
登时,0.423363
张为,0.423342
洱源,0.423296
铁钉,0.423253
没多久,0.423181
秦刚,0.423177
未成年人,0.423090
环境治理,0.423006
西台,0.422865
风险评估,0.422835
大型活动,0.422827
电影业,0.422781
派头,0.422749
华媒,0.422736
赤坎,0.422735
安倍,0.422717
水客,0.422613
仓山,0.422543
大眼睛,0.422522
俄罗斯,0.422098
末梢,0.422008
美人计,0.421996
九眼桥,0.421994
少儿,0.421959
饮用,0.421871
装蒜,0.421869
远投,0.421865
适用房,0.421831
地球上,0.421723
臂章,0.421689
上都,0.421669
夜长梦多,0.421487
外型,0.421469
宁静致远,0.421433
田地,0.421263
政府网,0.421150
海峡两岸,0.421141
重点,0.421035
乱成一团,0.420957
监管局,0.420830
守时,0.420776
再定,0.420738
温差,0.420733
为时尚早,0.420709
直拨,0.420703
药局,0.420457
坪山,0.420428
游龙,0.420424
海珠区,0.420378
各界人士,0.420252
不怨,0.420232
了然于心,0.420230
小邱,0.420215
陈国强,0.420109
滇中,0.420097
程氏,0.420078
石木,0.420027
米市,0.419548
权威部门,0.419475
摆平,0.419457
主语,0.419364
电流,0.419335
根蒂,0.419333
采买,0.419313
乌特勒,0.419313
干戈,0.419185
平桥,0.419176
改进型,0.419106
升压,0.419009
儿童心理,0.418942
良善,0.418865
耗费,0.418806
挺好,0.418792
唤来,0.418762
小生意,0.418671
伯尔,0.418629
鼎鼎有名,0.418618
岗顶,0.418593
温格,0.418523
来京,0.418463
表面文章,0.418362
稳拿,0.418275
股份制,0.418202
墙角,0.418199
新鲜空气,0.418124
何地,0.418124
维护,0.418073
仙剑,0.418011
谁来管,0.417988
磁悬浮,0.417929
责问,0.417894
人尽皆知,0.417878
捧得,0.417863
养殖区,0.417858
准确无误,0.417843
佳肴,0.417745
踏入,0.417706
勾勒,0.417668
茅台酒厂,0.417483
五指,0.417480
够用,0.417448
东美,0.417397
登车,0.417396
松松,0.417212
舍身取义,0.417175
正当权益,0.417144
亚琛,0.417126
二用,0.417084
无人驾驶,0.417078
人员名单,0.417062
尘肺病,0.417054
昆明机场,0.416909
照单全收,0.416886
彩旗,0.416881
留声,0.416657
应答,0.416627
更为重要,0.416621
寻花问柳,0.416594
新体验,0.416493
香港电影,0.416454
玛多,0.416349
老公公,0.416253
有求,0.416196
踏歌,0.416188
寄生虫,0.416161
网货,0.416153
毫不迟疑,0.416030
歌舞厅,0.416016
共食,0.415889
凶兆,0.415885
北里,0.415809
反感,0.415662
海南省政府,0.415615
小灶,0.415569
糖精,0.415446
老家,0.415413
大甩卖,0.415195
耿彦波,0.415123
清晰可见,0.415059
薛先生,0.415059
袁家村,0.414939
顾不上,0.414860
仰视,0.414794
位姓,0.414770
意境,0.414748
测字,0.414652
贻害,0.414625
农区,0.414613
瓷砖,0.414601
释怀,0.414537
马帮,0.414473
水流,0.414471
收不到,0.414412
冷板凳,0.414338
接过,0.414268
留到,0.414206
混世,0.413990
张大伟,0.413949
配称,0.413946
分崩离析,0.413881
馈赠,0.413819
精神力量,0.413768
老先生,0.413686
老伙计,0.413617
心想事成,0.413610
龙泉寺,0.413461
奔波,0.413413
复盘,0.413408
地面部队,0.413337
都要跟,0.413229
鞋子,0.413186
大考,0.413129
孙姓,0.413084
小篆,0.413061
逊尼派,0.413021
长度,0.412990
降调,0.412942
大音希声,0.412934
范围广,0.412783
买通,0.412696
杨江,0.412647
冲霄,0.412623
花生壳,0.412524
真想在,0.412499
西澳,0.412488
未找到,0.412473
源代码,0.412453
和为贵,0.412385
秋心,0.412385
各有千秋,0.412365
区市,0.412363
洗得,0.412323
华春莹,0.412096
口口相传,0.412046
断轴,0.411907
耗尽,0.411905
紧紧围绕,0.411847
放足,0.411836
史纲,0.411826
指标,0.411779
作家,0.411778
小蔡,0.411749
投资方,0.411642
盘都,0.411617
付诸东流,0.411616
课业,0.411558
发传单,0.411547
会议主题,0.411516
总产值,0.411511
日子,0.411414
无偿献血,0.411295
城镇居民,0.411254
无可争辩,0.411251
各部位,0.411233
干干,0.411217
如梦方醒,0.411200
包罗万象,0.411067
外语系,0.411020
借款人,0.411005
千金难买,0.410870
赏赐,0.410810
包菜,0.410533
反衬,0.410437
透入,0.410396
袒护,0.410367
这辈子,0.410354
刘利,0.410272
雪地,0.410262
挽起,0.410246
高品质,0.410201
溜溜达达,0.410170
表现,0.410123
直刺,0.410077
杰出人物,0.410032
精益,0.410014
好赌,0.409892
来来去去,0.409880
后文,0.409809
不同之处,0.409788
活脱脱,0.409760
行程,0.409518
负罪感,0.409484
血液病,0.409466
粉条,0.409425
现场,0.409295
每队,0.409232
饭庄,0.409217
跟风,0.409209
肥胖,0.409028
白药,0.409019
沉浸,0.408910
张会英,0.408892
好好学习,0.408741
机上,0.408656
玲珑塔,0.408539
飞奔,0.408489
依法办案,0.408412
轰炸机,0.408371
暴政,0.408369
效仿,0.408277
讲实话,0.408269
哥俩好,0.408223
心急火燎,0.408223
年始,0.408122
决不能,0.408114
峡谷,0.407983
亮色,0.407960
唱到,0.407949
爬上去,0.407936
行为规范,0.407901
爵士音乐,0.407874
地震台,0.407858
风情万种,0.407734
研究部署,0.407614
榨干,0.407500
土星,0.407472
慈父,0.407456
流血流汗,0.407436
劳动合同,0.407394
数据,0.407359
罗保铭,0.407323
空车,0.407315
某种原因,0.407287
变位,0.407242
车斗,0.407151
梁林,0.407139
涉案,0.407102
乡愁,0.407101
裂解,0.407084
许胜,0.406997
不惜一切,0.406869
不满情绪,0.406838
归你,0.406837
底座,0.406806
葬送,0.406775
参赛,0.406772
停驻,0.406701
一览无余,0.406690
降温,0.406680
复审,0.406671
碧天,0.406600
百分制,0.406562
坐得,0.406538
周周有,0.406492
血燕,0.406491
捞一把,0.406454
份额,0.406378
跑步机,0.406101
芒果树,0.406033
佩刀,0.405949
许琦,0.405890
挖空,0.405882
姜水,0.405872
用兵一时,0.405760
排水系统,0.405533
广告宣传,0.405425
顿失,0.405397
中国籍,0.405365
印在,0.405316
脚本,0.405220
常识,0.405006
陈少雄,0.404992
好成绩,0.404991
衷情,0.404893
炊具,0.404812
冒点,0.404733
去芜存菁,0.404700
盗采,0.404607
忍受,0.404531
分隔,0.404527
烟雨,0.404472
地位,0.404446
雅马哈,0.404422
经贸合作,0.404263
枯藤,0.404220
所求,0.404213
将要,0.404213
状况,0.404202
胡适,0.404170
美国联邦政府,0.404017
构架,0.403978
脚踏实地,0.403976
原条,0.403976
肉蛋,0.403937
立水桥,0.403937
凌波,0.403820
傈僳族,0.403799
闯荡,0.403753
生孩子,0.403641
一杯水,0.403608
朝阳公园,0.403564
小学,0.403422
刺字,0.403388
人才需求,0.403349
颇具规模,0.403343
洗牙,0.403278
有法不依,0.403252
挥之,0.403220
准备好,0.403213
魔高一尺,0.403165
杜俊,0.403143
管辖,0.403132
打野,0.403112
凉面,0.403014
配备,0.402974
认识论,0.402902
向后,0.402808
老掉牙,0.402716
隔三岔五,0.402693
一掷,0.402669
猪肝,0.402603
霞飞路,0.402602
香瓜,0.402506
贸易逆差,0.402431
粗心,0.402231
共守,0.402170
弃官,0.402091
展示会,0.402087
转小,0.402083
男儿,0.401985
哪有什么,0.401956
借力,0.401872
鱼贩,0.401791
暴雪,0.401760
刘韧,0.401738
抢手,0.401736
写真集,0.401680
苏州乐园,0.401677
泥淖,0.401673
文笔,0.401600
管仲,0.401588
高铁,0.401419
节气,0.401395
那厢,0.401296
双腿,0.401292
自守,0.401286
望远镜,0.401237
北市,0.401208
虚火,0.401163
狠劲,0.401105
料及,0.401083
业务,0.400983
独资,0.400941
枪林弹雨,0.400898
积劳成疾,0.400879
引来,0.400783
领导干部,0.400735
巴黎市政府,0.400719
惩恶扬善,0.400664
非常态,0.400623
皮包公司,0.400598
仙洞,0.400594
恻隐之心,0.400573
课程表,0.400476
尿急,0.400454
草坡,0.400452
东坑镇,0.400444
昊宇,0.400423
展展,0.400340
诈骗犯,0.400256
季刊,0.400255
跟前,0.400139
荡然无存,0.400075
弹道导弹,0.399926
蜀都,0.399921
不管三七二十一,0.399885
火拼,0.399823
安拉,0.399737
疑惑,0.399643
担当,0.399589
每月,0.399566
那是何,0.399450
为期,0.399446
古乐,0.399378
年产量,0.399368
发狂,0.399341
王璇,0.399331
图书室,0.399214
一日游,0.399177
这股,0.399160
口实,0.399131
追回来,0.399112
光临指导,0.399085
李可染,0.399019
杞人忧天,0.399014
下凡,0.398929
便利化,0.398920
一亩地,0.398836
撞出,0.398689
因循,0.398643
理科生,0.398640
擂主,0.398512
一姓,0.398374
月相,0.398320
赶忙,0.398182
小册,0.398168
占地,0.398138
二三百,0.398088
枫亭,0.398083
查下,0.398019
日理万机,0.397946
白昼,0.397906
板球,0.397852
按摩院,0.397833
王化,0.397797
熟练,0.397765
过晚,0.397711
四川饭店,0.397703
衰败,0.397686
独孤求败,0.397595
混一,0.397458
涉密,0.397434
青墩,0.397370
发展中国家,0.397219
非一日之寒,0.397063
胆大心细,0.397033
鄢陵,0.396977
此类,0.396966
倒戈,0.396924
绞肉机,0.396843
沉浸于,0.396719
脸蛋,0.396621
出任,0.396586
元葱,0.396584
盛怒,0.396383
喂鱼,0.396373
北京吉普,0.396323
安全帽,0.396296
自有一套,0.396264
每周日,0.396185
机种,0.396136
地雷战,0.396119
故步自封,0.396035
重置,0.395945
曹广晶,0.395796
甘菊,0.395758
三亚湾,0.395715
老门,0.395647
删帖,0.395559
一壶酒,0.395542
建园,0.395511
王健林,0.395504
光线,0.395491
敌视,0.395411
汉民,0.395398
立案侦查,0.395236
拯救者,0.395214
秋枫,0.395023
马里兰州,0.395011
升迁,0.395002
劝慰,0.394976
牛岭,0.394900
公交,0.394683
粪便,0.394670
摄影协会,0.394652
印书,0.394611
果腹,0.394316
严峰,0.394227
死循环,0.394222
往南,0.394217
北京市教委,0.394206
四溅,0.394057
红黄,0.394054
越大,0.393992
花季少女,0.393750
郭丹丹,0.393663
橡皮图章,0.393652
身板,0.393634
东施,0.393616
家谱,0.393534
过浓,0.393509
音视频,0.393494
上下游,0.393328
驱动力,0.393314
布兰森,0.393313
国家标准,0.393269
无人之境,0.393203
传送带,0.393113
核实,0.393112
难听,0.393057
刘夏,0.392964
外国人,0.392956
坐诊,0.392935
肉圆,0.392858
国家工商行政管理总局,0.392813
偶然间,0.392776
可租,0.392765
误事,0.392595
全泰,0.392571
上下浮动,0.392515
超级计算机,0.392418
修行,0.392385
晚宴,0.392346
御宴,0.392336
足球报,0.392318
补货,0.392240
酒店业,0.392202
扫帚星,0.392178
蝴蝶兰,0.392152
骄人,0.392039
摇摇头,0.392038
四季豆,0.392006
长一智,0.391929
自然科学,0.391863
甜杏仁,0.391860
足量,0.391842
郭某,0.391685
疾速,0.391620
银碗,0.391530
画作,0.391474
纯音乐,0.391414
缺钙,0.391190
上海师范大学,0.391165
才如,0.391129
价目表,0.391040
求真务实,0.391035
眼袋,0.391030
探险者,0.390990
简明扼要,0.390925
普通法,0.390904
常听,0.390804
咋弄,0.390745
富贵荣华,0.390687
高山上,0.390680
粉墨,0.390553
无底洞,0.390525
刺骨,0.390522
男尸,0.390498
华航,0.390418
景逸,0.390406
艺术大师,0.390309
瞅着,0.390259
鱼虫,0.390254
说教,0.390195
飒爽,0.390174
加班,0.390093
投诉,0.390070
人类学,0.390034
错判,0.389984
咨讯,0.389948
金榜题名,0.389844
奔流,0.389777
想念,0.389756
鬼混,0.389732
海国,0.389707
倾轧,0.389674
磕磕绊绊,0.389663
缺氧,0.389660
印有,0.389654
牛是,0.389591
诺奖,0.389564
回事儿,0.389553
小九九,0.389531
德高望重,0.389507
涌上,0.389391
敢为人先,0.389376
致死,0.389340
潜海,0.389297
短租,0.389294
每平方米,0.389287
张先,0.389257
废品收购站,0.389256
融入,0.389211
记忆里,0.389203
较差,0.389169
积极探索,0.389165
易信,0.389106
自然生态系统,0.389087
清扫,0.388993
英语,0.388960
彝语,0.388857
都在看,0.388814
陈道明,0.388806
误撞,0.388710
物有所值,0.388561
不顾后果,0.388256
晚饭,0.388098
深圳晚报,0.387920
官方消息,0.387841
渺渺,0.387815
难料,0.387692
支配权,0.387618
聊过,0.387576
长街,0.387475
保送,0.387323
煤烟,0.387279
糕点,0.387218
抒发,0.387188
盏灯,0.387125
出版界,0.387125
现象,0.386953
龙海市,0.386944
岷江,0.386682
练起来,0.386673
投以,0.386634
沿街,0.386536
行脚,0.386514
提纯,0.386505
房后,0.386405
三连冠,0.386327
陈子善,0.386304
宠物市场,0.386279
雷某,0.386277
操劳,0.386227
片儿警,0.386198
宝泰,0.386037
遗言,0.385854
连坐,0.385848
阅览室,0.385831
颇为,0.385810
东夷,0.385732
万字,0.385716
路易十五,0.385622
仇敌,0.385532
建筑面积,0.385513
色彩斑斓,0.385459
妙极了,0.385453
群山,0.385375
欧姆龙,0.385271
长片,0.385270
果味,0.385258
冷雾,0.385220
穿插,0.385201
学开车,0.385015
牛王,0.384857
朝前,0.384772
轻盈,0.384766
此书,0.384741
新生儿,0.384708
申请人,0.384572
用来,0.384478
处女作,0.384269
翩翩,0.384156
锁不住,0.384012
古井贡酒,0.383801
广内,0.383740
刚度,0.383574
刮风下雨,0.383463
寒微,0.383378
偶见,0.383093
裘皮,0.383092
相互影响,0.383070
墨镜,0.383046
豆浆机,0.382955
厦门岛,0.382929
洗发露,0.382919
扯平,0.382715
交于,0.382657
不怎么,0.382570
捆着,0.382560
雨霖,0.382543
案件,0.382537
驯兽师,0.382442
黑云压城,0.382295
交差,0.382179
都过,0.382109
治罪,0.382097
直率,0.382083
车头,0.382038
安全,0.382028
发泄,0.381884
炸掉,0.381876
消防安全,0.381781
恰克图,0.381650
扩大内需,0.381644
一言以蔽之,0.381607
传统工艺,0.381509
海浪,0.381500
江南地区,0.381449
耗用,0.381399
可惨,0.381357
国际村,0.381356
冀宝斋,0.381256
经济大国,0.381213
失学,0.381172
聚敛,0.381147
茶树菇,0.381125
来上,0.381115
女厕所,0.381092
满楼,0.381088
附属医院,0.381080
影星,0.381033
多才多艺,0.381018
调音,0.380943
体验馆,0.380937
累赘,0.380902
石佛寺,0.380887
团圆宴,0.380861
本真,0.380769
接地,0.380729
对账单,0.380713
有件事,0.380702
暂时性,0.380633
帆板,0.380529
授牌,0.380517
大料,0.380191
繁育,0.380182
古柏,0.380158
无规则,0.380067
涨停板,0.379960
素叻,0.379845
东汉,0.379840
滚刀,0.379689
缩短,0.379661
杀猪菜,0.379631
林语堂,0.379609
叙旧,0.379605
查询,0.379573
放话,0.379534
依法办事,0.379454
泰国,0.379400
流下泪来,0.379319
成绩,0.379208
增强,0.379191
损人不利己,0.379169
当庭,0.379111
偷着乐,0.379057
发表声明,0.379049
崔志强,0.379011
条令,0.379000
国际足球,0.378979
贞观,0.378824
彭帅,0.378731
浮油,0.378707
不知真假,0.378706
黛安,0.378689
点字,0.378666
南通人,0.378654
全神,0.378636
无华,0.378631
实际收入,0.378591
胡杨林,0.378556
救助,0.378510
公路车,0.378411
展览,0.378335
国玺,0.378307
退回去,0.378256
读者,0.378149
西红门,0.378135
闹情绪,0.378100
步伐,0.377703
揭示,0.377646
防护罩,0.377633
禅寺,0.377600
画笔,0.377337
光面,0.377029
自吹自擂,0.377019
亲妈,0.376976
席勒,0.376903
戏说,0.376901
吉子,0.376885
一大笔钱,0.376884
乐山大佛,0.376880
明园,0.376842
烟盒,0.376781
布达,0.376741
塔克拉玛干,0.376566
少林足球,0.376554
吃饭,0.376526
卑劣,0.376438
礼篮,0.376314
网球选手,0.376192
五花肉,0.376111
杨胜,0.376045
睡好,0.376012
一把好手,0.376002
买椟还珠,0.375994
殷墟,0.375851
洋为中用,0.375753
中低,0.375730
古文,0.375697
陷坑,0.375633
古格,0.375625
桑斯,0.375597
无限大,0.375541
列前,0.375527
戊戌,0.375300
扑向,0.375288
顶戴,0.375277
神乎其神,0.375000
显身,0.374993
瞒不过,0.374966
杭州大厦,0.374834
抢得,0.374759
喷流,0.374737
推人,0.374735
血滴,0.374625
达索,0.374512
看完,0.374488
雍容,0.374485
生存条件,0.374407
拖拖拉拉,0.374260
菲律,0.374206
谢璞,0.374205
央求,0.374173
祝福,0.374028
汽车总站,0.374008
瓜葛,0.373794
合唱队,0.373746
接诊,0.373663
终其一生,0.373563
世纪公园,0.373503
平淡无奇,0.373503
诱发,0.373456
艺术作品,0.373405
西服,0.373098
美国哥伦比亚大学,0.373040
刻舟求剑,0.372984
繁体字,0.372925
哗啦,0.372828
功底,0.372821
陆客,0.372820
大声,0.372815
胡春华,0.372744
密切相关,0.372718
锡林浩特,0.372666
不买账,0.372607
左脑,0.372568
反之亦然,0.372499
回沪,0.372494
攀到,0.372470
三山五岳,0.372427
法律制裁,0.372348
妩媚,0.372342
失落感,0.372244
可代替,0.372214
恍然,0.372061
佛陀,0.372052
同根,0.372023
血站,0.371972
东游,0.371932
首付,0.371904
三替,0.371852
合法经营,0.371851
一扇门,0.371816
战死,0.371557
仙果,0.371477
谢大,0.371413
秀气,0.371153
很快,0.370946
黄金价格,0.370863
数码科技,0.370733
安东尼奥,0.370707
临邛,0.370587
那两年,0.370555
绿豆汤,0.370469
构思,0.370452
急功近利,0.370434
质与量,0.370424
不涨,0.370403
禅堂,0.370390
父老,0.370383
泣不成声,0.370375
诚惶诚恐,0.370358
医学专业,0.370356
雪耻,0.370345
击沉,0.370299
独立报,0.370229
不要,0.370206
伊莱克斯,0.370104
石海,0.370008
完整,0.369833
是不是,0.369817
悲恨,0.369612
老宅子,0.369556
对立面,0.369512
简直,0.369477
故纸堆,0.369466
大行其道,0.369411
房屋,0.369406
兰花草,0.369375
二次开发,0.369356
源远,0.369350
罪孽,0.369193
月票,0.369192
交通事故,0.369113
别致,0.368866
熨平,0.368809
几遍,0.368710
车衣,0.368673
彼此之间,0.368604
抛绣球,0.368546
艰苦朴素,0.368471
体内,0.368450
政策法规司,0.368312
共同理想,0.368253
勤勤,0.368146
老命,0.368111
龙楼,0.368071
执教,0.368071
轴线,0.368035
横眉冷对,0.367994
酱园,0.367988
清供,0.367975
卡路里,0.367880
宽宏,0.367759
事件,0.367707
十七世纪,0.367660
升上,0.367604
脱发,0.367541
冰淇凌,0.367456
防患,0.367337
宝洁公司,0.367335
阿尔卡特,0.367204
太多,0.367039
乱跑,0.367019
门上,0.366951
小抄,0.366910
弗拉基米尔,0.366901
组委会,0.366757
雄雌,0.366740
听天由命,0.366648
取材自,0.366610
老顾客,0.366487
开发软件,0.366469
世界自然基金会,0.366439
苦药,0.366393
演艺事业,0.366325
打小报告,0.366267
归航,0.366152
国家级,0.366096
苗绣,0.365991
颜如玉,0.365952
贤淑,0.365940
橡树园,0.365912
程乃珊,0.365769
冬晨,0.365730
中低收入者,0.365665
冯远征,0.365640
剪不断理还乱,0.365607
枝节,0.365554
任贤齐,0.365540
双乳,0.365453
桃李满天下,0.365147
是非得失,0.365016
七大洲,0.364919
怎个,0.364896
色欲,0.364779
来打,0.364718
历史进程,0.364688
煽动性,0.364649
振聋发聩,0.364626
喊起来,0.364625
小跑,0.364579
繁体,0.364572
光谱,0.364470
贤德,0.364329
报名者,0.364322
松紧,0.364288
感冒通,0.364198
北医,0.364148
空气,0.364133
悍马,0.364124
有碍观瞻,0.364049
千回,0.364039
打扫战场,0.364003
邱波,0.363992
不断,0.363977
帕杰罗,0.363956
借书证,0.363934
塌了,0.363923
鸿宾楼,0.363846
吹气,0.363809
枣儿,0.363784
山泥,0.363760
酱菜,0.363630
修来,0.363368
漏水,0.363158
韩静,0.363155
大褂,0.363092
刺头,0.363075
篇篇,0.363061
直镇,0.362956
避讳,0.362913
数码相机,0.362890
楼板,0.362870
下调,0.362747
远射,0.362698
踩死,0.362625
青睐,0.362622
太傻,0.362413
固有模式,0.362231
拉进去,0.362188
顿挫,0.362157
称得上,0.362150
小公共,0.361929
遇难者,0.361851
顺手牵羊,0.361847
面额,0.361843
周郎,0.361810
风紧,0.361787
性交,0.361702
疼爱,0.361695
折旧,0.361584
早日康复,0.361567
专委会,0.361547
幅员,0.361538
刘墉,0.361534
旦角,0.361441
大礼拜,0.361357
洋楼,0.361332
后墙,0.361310
焚烧,0.361107
踩一脚,0.361074
数学课,0.360970
民警,0.360909
大闹天宫,0.360862
抛洒,0.360854
那封,0.360808
体积小,0.360803
几样,0.360803
科幻,0.360734
出门,0.360733
补气,0.360661
土豆粉,0.360611
江豚,0.360570
灵堂,0.360563
冰释,0.360533
莽莽,0.360449
重办,0.360418
中山舰,0.360389
生肉,0.360360
羽绒服,0.360337
主题鲜明,0.360326
宫女,0.360310
演艺明星,0.360272
得天独厚,0.360237
飞歌,0.360011
红绳,0.359923
河南籍,0.359916
尝新,0.359902
楼顶上,0.359861
签证,0.359858
张合,0.359695
食醋,0.359653
权为民,0.359573
强迫性,0.359557
线虫,0.359479
位移,0.359285
糜烂,0.359255
马路上,0.359219
解题,0.359191
互动关系,0.359062
涤荡,0.359060
舍本求末,0.359049
烤鸡腿,0.358902
认证机构,0.358820
国际列车,0.358590
奇耻大辱,0.358510
成都旅游,0.358473
见面,0.358463
火堆,0.358450
外侧,0.358430
飒飒,0.358386
辉耀,0.358376
草案,0.358337
电话响,0.358098
利益输送,0.358095
擦洗,0.358054
花地,0.357995
威仪,0.357920
脱衣,0.357820
历山,0.357783
星河湾,0.357775
野合,0.357719
减弱,0.357694
复发,0.357616
露馅,0.357565
谦词,0.357496
雪屋,0.357318
惜字,0.357201
发行中心,0.357180
印张,0.357118
齐腰深,0.356985
藏族同胞,0.356968
刘智勇,0.356928
苟同,0.356922
美丽动人,0.356910
圆眼,0.356825
通信产业,0.356686
卫生条件,0.356664
胡庆余堂,0.356646
左营,0.356641
开放平台,0.356467
鱼叉,0.356300
暴虐,0.356058
神不知鬼不觉,0.355888
酒井法子,0.355874
一系列,0.355778
作品展览,0.355667
王阳明,0.355643
茫茫人海,0.355437
疲惫,0.355394
尿片,0.355303
纯净度,0.355208
台标,0.355191
寻医问药,0.355159
环境学院,0.355103
宫墙,0.355096
推门而入,0.355003
之论,0.354994
换心,0.354940
崂山区,0.354878
头版,0.354776
吃得饱,0.354712
小马驹,0.354623
配饰,0.354592
顺峰,0.354585
跳过去,0.354480
赞助费,0.354465
创业板,0.354434
诗稿,0.354354
非理性,0.354340
进制,0.354309
赤壁之战,0.354293
笙箫,0.354230
商业秘密,0.354198
黑色食品,0.354179
坐火车,0.354129
萍水,0.354050
冰雕,0.353971
郭旭,0.353935
多玛,0.353833
逗弄,0.353803
艳照门,0.353740
东方之珠,0.353730
趣园,0.353680
见微知著,0.353517
拖走,0.353469
鸡同鸭讲,0.353171
高山流水,0.353095
膀胱,0.353065
科班,0.352995
双人舞,0.352879
退色,0.352766
胡润,0.352752
斯特凡,0.352603
召开,0.352438
中秋佳节,0.352379
桂湖,0.352372
维护费用,0.352257
坏死,0.352212
天堑,0.352195
符合,0.352131
陈杰人,0.351968
户内,0.351920
陈钦,0.351867
古话,0.351740
严刑,0.351692
黑工,0.351663
指示牌,0.351662
赵文卓,0.351481
依旧,0.351468
捐赠人,0.351421
纷扰,0.351318
抢来,0.351257
伤害案,0.351248
喘气,0.351087
香樟树,0.351083
徽州区,0.350924
送到,0.350897
老百姓,0.350828
坎坎,0.350759
因涉嫌,0.350757
恃强凌弱,0.350718
昌北,0.350686
榜眼,0.350651
亮光,0.350645
个股,0.350632
身体疲劳,0.350625
水子,0.350537
平均工资,0.350499
台路,0.350433
国家主义,0.350415
放学后,0.350400
溪头村,0.350393
存储卡,0.350380
黑铁,0.350228
团体赛,0.350222
救生衣,0.350215
才会真,0.350166
冤冤相报,0.350161
慢跑,0.350065
以及,0.349865
续展,0.349789
太浅,0.349723
罚酒,0.349664
不见天日,0.349472
文帝,0.349411
遥望,0.349306
那曾,0.349236
药用,0.349190
开闭,0.349166
从里到外,0.349070
毛长,0.349027
亲人或,0.348870
鱼来,0.348730
鸟窝,0.348594
邹毅,0.348590
明锐,0.348496
盛大网络,0.348418
干瘪,0.348373
周莉,0.348303
张高,0.348291
软和,0.348200
进口商品,0.348194
大公鸡,0.348060
苍生,0.347979
防住,0.347952
长弓,0.347944
中央邦,0.347822
家道,0.347810
趋近,0.347807
房前,0.347659
坍塌,0.347512
不择手段,0.347390
解乏,0.347229
吴世勋,0.347184
灵源,0.347119
洗过,0.347119
深谷,0.346994
衣装,0.346866
挖苦,0.346861
李妈,0.346798
嵌入式,0.346612
车上,0.346502
冒火,0.346407
大白于天下,0.346364
受够,0.346287
光闪闪,0.346269
挥之不去,0.346239
自行车道,0.346134
爱玩,0.346015
卞之琳,0.345931
日全食,0.345923
救灾物资,0.345741
闰月,0.345701
成花,0.345650
充足,0.345647
肾上腺素,0.345601
旅游年,0.345565
批准逮捕,0.345513
色彩鲜艳,0.345378
医疗费,0.345367
小时,0.345330
陷入,0.345247
真品,0.345194
瞬息,0.345091
不洁,0.345072
刀劈,0.345042
袁枚在,0.345024
律令,0.344982
另用,0.344952
高莉,0.344914
波密,0.344873
圣旨,0.344735
交齐,0.344673
苏莲托,0.344622
核对,0.344404
王振耀,0.344303
余华,0.344273
高低杠,0.344008
爱憎,0.343898
忆江南,0.343854
失业率,0.343836
船锚,0.343800
副厅级,0.343792
棋逢对手,0.343749
余孽,0.343707
机位,0.343696
隔靴搔痒,0.343686
光着,0.343640
白瞎,0.343440
筒子河,0.343436
全国政协礼堂,0.343434
楠溪江,0.343402
游山,0.343398
出演,0.343358
尽量,0.343330
鱼洗,0.343253
陪嫁,0.343176
睁着,0.343163
环渤海,0.343156
眼角膜,0.343071
季后赛,0.343068
烤鱼片,0.343041
昏迷,0.342870
候车亭,0.342591
武康路,0.342467
对答,0.342426
如织,0.342422
螳螂拳,0.342411
挑挑,0.342327
方村,0.342246
阿佤,0.342164
展讯,0.342108
宇龙,0.341870
少管闲事,0.341586
乱喝,0.341575
糟老头子,0.341449
另一款,0.341440
女神像,0.341398
朝外大街,0.341301
葡萄汁,0.341274
撞入,0.341238
刨根问底,0.341210
会刊,0.341108
王景春,0.341101
松塔,0.340958
水汽,0.340934
天怒人怨,0.340699
颤巍巍,0.340555
前半部,0.340457
处理完毕,0.340454
消耗掉,0.340430
笔顺,0.340360
铲出,0.340355
堵着,0.340300
姜丝,0.340192
叶斌,0.340089
景区,0.340047
韭黄,0.340045
维持原判,0.339862
花重,0.339838
那上,0.339726
快速增长,0.339618
更丑,0.339567
小划子,0.339524
暴民,0.339482
态度端正,0.339364
利润,0.339302
户外用品,0.339301
轮不到,0.339174
动画短片,0.339125
难懂,0.339091
吸走,0.338843
呻吟声,0.338840
药引子,0.338832
车商,0.338765
辽国,0.338760
免签,0.338575
侮辱性,0.338518
赵绍华,0.338507
斯波坎,0.338408
都有老,0.338308
马连良,0.338277
升仙,0.338269
寸或,0.338241
历险,0.337984
少还,0.337851
石鸡,0.337842
一箭之仇,0.337701
检方,0.337667
浓浓的,0.337648
绕指柔,0.337521
用户,0.337394
费迪南德,0.337367
一砖一瓦,0.337365
难熬,0.337301
中情局,0.337271
聘用,0.337120
康复师,0.337098
相城,0.337053
遮面,0.337038
表达形式,0.337010
甘棠,0.336987
互祝,0.336955
空腹吃,0.336855
靠垫,0.336790
林左鸣,0.336755
职务行为,0.336703
兽类,0.336662
向先生,0.336645
来好,0.336644
思路,0.336606
雄鱼,0.336536
小物件,0.336405
吃不完,0.336314
走哇,0.336300
天伦之乐,0.336283
无法回答,0.336197
月黑风高,0.336122
护手,0.336031
百战,0.335983
顿酒,0.335920
入选为,0.335836
心肌梗塞,0.335826
演出季,0.335726
遥看,0.335723
打上来,0.335541
异常情况,0.335521
全忠,0.335511
球茎,0.335501
惊叫,0.335469
无不及,0.335462
唐代,0.335388
世纪坛,0.335299
南房,0.335258
沉默是金,0.335211
青蟹,0.334957
壮志未酬,0.334860
汽车音响,0.334801
不堪回首,0.334629
神位,0.334530
非标,0.334508
喝牛奶,0.334395
数据采集,0.334357
网上银行,0.334343
七世,0.334275
拔腿,0.334236
索福瑞,0.334211
好人家,0.334154
凿冰,0.333924
岗位职责,0.333664
坏小子,0.333639
春秋时代,0.333610
十二木卡姆,0.333485
山西路,0.333484
桌球,0.333471
闹春,0.333448
可怜虫,0.333439
车流,0.333405
幽禁,0.333353
滞纳金,0.333331
冥界,0.333299
留得青山在,0.333222
听力障碍,0.333087
呼吸科,0.333024
公正性,0.332974
难缠,0.332967
忠厚,0.332894
畏缩,0.332781
河北电视台,0.332774
欲滴,0.332735
杏核,0.332728
钱而,0.332644
组别,0.332579
韩鹏,0.332530
焚香,0.332450
未涨,0.332420
契丹,0.332404
送过来,0.332399
班期,0.332365
白菜心,0.332103
娘儿俩,0.332070
架着,0.332021
寺后,0.331940
花祭,0.331879
岗前,0.331837
小桥流水,0.331814
明星效应,0.331809
攒着,0.331655
吵吵闹闹,0.331609
吴妈,0.331414
见阎王,0.331350
海泰,0.331229
送修,0.331068
何种,0.331003
云卷云舒,0.330867
动感地带,0.330812
别趴下,0.330759
城市公交,0.330719
场所,0.330662
芥兰,0.330643
勿谓言之不预,0.330626
悲喜交加,0.330544
套现,0.330485
还价,0.330436
盲女,0.330408
馅料,0.330374
八重,0.330081
拾破烂,0.329977
全省,0.329973
一碟,0.329824
饭铺,0.329778
时候,0.329760
兴趣爱好,0.329758
谦虚谨慎,0.329641
放在心里,0.329537
私念,0.329510
穆特,0.329476
锯掉,0.329430
鸭公,0.329364
金蝶,0.329165
重情义,0.329088
净水机,0.329000
行步,0.328892
磨损,0.328860
乙说,0.328808
打乒乓球,0.328713
上岁数,0.328633
贴春联,0.328583
沙逊,0.328524
大股东,0.328426
乐圣,0.328253
内忧外患,0.328208
蓬松,0.328140
简单易行,0.328102
单张,0.328059
青叶,0.328039
三国鼎立,0.328011
美联航,0.327966
一了百了,0.327920
挽歌,0.327726
观赏者,0.327679
九龙湖,0.327574
东土,0.327564
骑车人,0.327529
周其凤,0.327496
嗅出,0.327244
伊利诺伊州,0.327168
蜜酒,0.326557
李莲英,0.326370
草虾,0.326296
丽晶酒店,0.326285
清宫戏,0.326224
从善如流,0.326043
航空业,0.325960
独钟,0.325924
六亲,0.325784
年赛,0.325721
广东电视台,0.325640
开车,0.325639
支路,0.325624
交合,0.325330
春节快乐,0.325315
准保,0.325188
左右脑,0.325104
诗体,0.324955
唱片公司,0.324950
绝活儿,0.324893
上网费,0.324715
徐玉兰,0.324676
青春少女,0.324545
甘泉岛,0.324533
个人用品,0.324479
排量,0.324359
墨脱县,0.324283
不学无术,0.324249
劫财,0.324211
清史,0.324185
搭机,0.324091
牵绊,0.324020
词曲作者,0.323730
茶卡盐湖,0.323668
疑罪从无,0.323627
糟糠,0.323613
冰凌花,0.323561
成块,0.323309
透气,0.323269
毫无作用,0.323216
债市,0.323199
拼贴,0.323127
亲传,0.323113
变红,0.323111
悲怆,0.323084
吐纳,0.322934
形式,0.322834
含辛茹苦,0.322802
题刻,0.322670
谭鑫,0.322643
药到病除,0.322536
天辰,0.322452
深浓,0.322266
无责,0.322232
传奇人物,0.321983
绑匪,0.321968
极寒,0.321889
孙云晓,0.321805
积分卡,0.321803
唇部,0.321711
景程,0.321680
广州白云机场,0.321537
价签,0.321470
全交,0.321333
求胜,0.321331
悬壶济世,0.321282
可食用,0.321184
下陷,0.321160
侧门,0.321063
上海大剧院,0.320991
有说有笑,0.320906
丁卯,0.320903
总重,0.320887
加利利湖,0.320849
素笺,0.320822
后半夜,0.320779
啃书,0.320757
多一事不如少一事,0.320749
机库,0.320654
罄竹难书,0.320596
依偎,0.320560
活字印刷,0.320490
转速,0.320458
冷脸,0.320385
林中有,0.320363
言其,0.320332
可气,0.320323
教育学家,0.320209
挨宰,0.320043
舞狮,0.320040
脑袋瓜,0.319946
宦官,0.319900
阿太,0.319876
回真,0.319829
广州美术学院,0.319707
雅安人,0.319696
破镜重圆,0.319654
老奸巨猾,0.319609
习俗,0.319559
出境游,0.319507
嘉年华会,0.319459
遗存,0.319430
计次,0.319419
皆空,0.319416
本品,0.319154
礼仪之邦,0.319151
云岩,0.319069
购房人,0.319037
温榆,0.318910
欲速则不达,0.318897
那处,0.318795
扬州大学,0.318786
小邵,0.318634
桥边,0.318588
洗液,0.318544
吴彤,0.318439
意涵,0.318386
杂草丛生,0.318337
碧螺春,0.318237
略长,0.318145
运动衣,0.318142
微末,0.318134
直走,0.317953
打地铺,0.317949
站桩,0.317928
一招鲜,0.317907
憋住,0.317857
保山市,0.317851
王中军,0.317847
播散,0.317793
婀娜,0.317670
中国空军,0.317550
宫室,0.317282
衣兜,0.317245
沁州,0.317119
遗老遗少,0.317038
吊臂,0.316865
定位仪,0.316820
退烧,0.316811
发善心,0.316780
木麻黄,0.316737
缤纷色彩,0.316661
秋夕,0.316642
刚挂,0.316628
人生大事,0.316618
吕宋岛,0.316609
五脏六腑,0.316588
方方正正,0.316507
忆起,0.316500
赢钱,0.316230
席梦思,0.316204
显像,0.316120
白心,0.316101
未经检验,0.316046
洁白无瑕,0.315977
北汽集团,0.315919
长生殿,0.315899
电影学院,0.315879
成都机场,0.315785
盗车,0.315771
乌节路,0.315698
响指,0.315656
安睡,0.315653
共圆,0.315565
莫尔道嘎,0.315446
产品线,0.315435
现代舞,0.315358
方向不同,0.315315
小卖店,0.315291
高层住宅,0.315282
割出,0.315245
督军,0.314872
五味杂陈,0.314871
入梦,0.314852
水灵灵,0.314658
穴居人,0.314652
瓜果之乡,0.314602
完颜,0.314589
欢情,0.314433
安眠药,0.314379
题材,0.314365
水压,0.314314
云涛,0.314301
微量,0.314296
碍眼,0.314292
骆驼奶,0.314258
阴阳怪气,0.314183
作声,0.314070
戚家军,0.313987
钢笔画,0.313838
日晷,0.313640
资本运作,0.313597
清秋,0.313586
故曰,0.313539
慈悲心,0.313421
底托,0.313410
松鸡,0.313393
心伤,0.313359
新闻评论员,0.313356
色块,0.313345
缠裹,0.313314
煞是,0.313305
复活赛,0.313219
连转,0.313172
暖情,0.313163
人生目标,0.313100
配载,0.313053
若需,0.312981
积淀,0.312955
重典,0.312933
冒傻气,0.312686
养儿,0.312657
梁红玉,0.312646
电池板,0.312641
封套,0.312294
投资界,0.312249
简易房,0.312093
十二万分,0.312051
风度翩翩,0.312000
洗尽铅华,0.311805
产茶,0.311740
老舍纪念馆,0.311694
才信,0.311687
拉丁语,0.311615
粤式,0.311494
丹山,0.311430
隔世,0.311401
小嘴,0.311347
接接,0.311341
运往,0.311314
练得,0.311286
贵宾楼,0.311237
都存,0.311236
丁入,0.311226
手段,0.311115
老街区,0.311114
高爽,0.311074
浣溪沙,0.310997
变局,0.310955
少睡,0.310917
没回,0.310878
排便,0.310692
暴力革命,0.310520
手头紧,0.310503
李韩,0.310485
虚荣心,0.310347
独石,0.310337
衷肠,0.310300
葱姜,0.310222
寒食,0.310162
翠谷,0.310128
管弦乐,0.309973
于是小,0.309822
顺延到,0.309794
华西街,0.309726
开胸,0.309630
血腥味,0.309604
乌尔善,0.309479
人脉关系,0.309477
苹果牌,0.309417
邮费,0.309393
菜汤,0.309356
换证,0.309353
死猪不怕开水烫,0.309330
面条机,0.309269
交易系统,0.309079
难挨,0.309072
耶稣像,0.309043
自毁长城,0.308944
连滚带爬,0.308847
善小而,0.308715
驾驶执照,0.308582
敢言,0.308539
换鞋,0.308526
男同性恋,0.308423
海森堡,0.308403
黎苗族,0.308366
手书,0.308266
杏坛,0.308197
医学杂志,0.308191
泰安道,0.308126
塔寺,0.308124
蜡像馆,0.308060
说笑话,0.307872
刀和,0.307841
新舟,0.307666
时代华纳,0.307587
碧塔海,0.307564
周一到,0.307419
人间仙境,0.306921
打鸣,0.306863
因素,0.306840
米豆腐,0.306730
扑哧,0.306652
照明设计,0.306620
山在,0.306589
静地,0.306519
小剑,0.306518
扑上去,0.306301
只是,0.306279
芦山县,0.306259
草儿,0.306239
通向,0.306137
酒过三巡,0.306109
品牌意识,0.306013
钱看,0.305921
托腮,0.305843
敏锐,0.305725
嗓音,0.305613
拼下,0.305483
店大欺客,0.305423
装水,0.305254
随风而逝,0.305140
唬人,0.305126
石板街,0.304898
办公时间,0.304823
逡巡,0.304682
童女,0.304623
全干,0.304622
艺术体操,0.304613
叙叙,0.304511
减肥药,0.304419
棕叶,0.304409
木鼓,0.304335
园林城市,0.304205
单笔,0.304157
故友,0.304092
安纳托利亚,0.303843
花腔,0.303824
翩跹起舞,0.303762
豆腐干,0.303655
鲜美,0.303630
富丽华,0.303514
筲箕,0.303485
油画系,0.303284
耐晒,0.303263
绵绵不绝,0.303092
谈社,0.302951
课外读物,0.302750
报价单,0.302737
神龙见首不见尾,0.302638
乡关,0.302602
莲花生,0.302447
种球,0.302312
真题,0.302188
胞妹,0.302160
担惊受怕,0.302154
某样,0.302069
捣蒜,0.301645
阶地,0.301246
樱花树,0.301236
拓片,0.301057
适应能力,0.300953
埃塞克斯郡,0.300917
瞳孔,0.300768
活动性,0.300424
摔炮,0.300391
穿透力,0.300385
河头,0.300300
批量化,0.300222
电子警察,0.300193
刷票,0.300164
阿黑哥,0.299672
尾骨,0.299552
结业证,0.299515
扶你,0.299439
培田,0.299362
敬服,0.299326
楼体,0.299281
倾慕,0.299188
淮海路,0.299077
薄荷茶,0.299058
抱佛脚,0.299020
文学系,0.298902
清炖,0.298759
柘林,0.298725
大房子,0.298654
岁月如流,0.298586
新闻调查,0.298535
横卧,0.298467
被雷击,0.298449
悟出来,0.298444
听雪,0.298422
群架,0.298421
少年强,0.298293
首饰店,0.298221
球状,0.298181
京瓷,0.298105
肉块,0.298021
新希望集团,0.298020
弹词,0.297932
喷涂,0.297801
苦肉计,0.297778
渗透力,0.297714
悲悯,0.297472
山菜,0.297258
踢脚,0.297098
住惯,0.297060
四川盆地,0.297007
缝缝补补,0.296807
滴到,0.296627
害民,0.296445
看花了,0.296363
王母娘娘,0.296330
异己,0.296233
白烟,0.296092
墓道,0.295958
待人接物,0.295900
模样儿,0.295542
测速,0.295452
需求者,0.295209
松赞干布,0.295144
故宫博物馆,0.295123
武汉亚洲心脏病医院,0.295106
阿拉比卡,0.295087
鲜花港,0.294855
不静,0.294797
扶轮社,0.294784
铁盘,0.294702
沈石溪,0.294464
皓首,0.294296
一节课,0.294252
丰姿,0.294229
北京文艺台,0.294171
黄灿灿,0.294089
民女,0.294067
美国报业,0.294061
难赚,0.294032
卡拉扬,0.293547
依赖感,0.293245
牵出来,0.293189
短尾,0.293145
陈履生,0.293006
敢死,0.292846
茶饭不思,0.292798
秋爽,0.292765
无证据,0.292745
玉米粉,0.292740
流韵,0.292671
盖蒂,0.292404
年除夕,0.292220
冶春,0.292179
老得,0.292134
创记录,0.291962
韩师傅,0.291907
按摩床,0.291821
棠湖,0.291818
发毛,0.291748
咬了一口,0.291641
窗户,0.291604
瓯江,0.291489
紫外光,0.291272
都学,0.291090
红嘴鸥,0.291054
防守反击,0.291044
大卸八块,0.291015
纳木错湖,0.290992
皮尔,0.290907
最终用户,0.290843
胖娃娃,0.290727
冻梨,0.290659
月读,0.290626
只闻其声,0.290491
清江水,0.290414
里春,0.290367
恨铁不成钢,0.290288
伯纳乌,0.290273
世世,0.290273
决明子,0.290204
爱演,0.290181
洋人街,0.289967
离索,0.289819
坐过站,0.289819
刁蛮,0.289710
驱鬼,0.289571
周正宇,0.289401
捏碎,0.289294
依山,0.289013
罗兰加洛斯,0.288916
国学课,0.288902
翻本,0.288841
清规,0.288712
摸进,0.288435
王艺,0.288433
戏瘾,0.288400
听戏,0.288300
喃喃地,0.288190
倒淌河,0.288130
郎静,0.288024
耳石,0.287966
聪明伶俐,0.287814
沙漠之舟,0.287743
大独裁者,0.287731
斯内德,0.287660
快轨,0.287456
出摊,0.287373
风味菜,0.287144
苏小小,0.287120
南寺,0.287079
拉琴,0.287069
绿墙,0.287057
天赋人权,0.287030
锆石,0.287024
郁郁寡欢,0.286958
孤苦伶仃,0.286935
喷雾剂,0.286890
抽过,0.286839
川岛芳子,0.286664
白或,0.286518
摘到,0.286331
美式英语,0.286020
哀哉,0.285861
兼容并蓄,0.285757
宋宇,0.285692
商品住宅,0.285417
脚蹼,0.285381
子宫肌瘤,0.285131
活页,0.285057
京伦,0.284834
康辉旅行社,0.284804
妄念,0.284760
塑料布,0.284500
耐苦,0.284500
玉垒,0.284466
巴士底狱,0.284395
灼热,0.284160
开发成本,0.284148
自赏,0.283974
祠宇,0.283942
三联韬奋书店,0.283794
笔法,0.283751
搞对象,0.283733
星点,0.283654
血糖,0.283551
淌出,0.283423
中转地,0.283329
多雨,0.283285
通婚,0.283135
吝于,0.283066
虚情假意,0.283022
航班号,0.283007
自杀行为,0.282923
罪有应得,0.282916
洗好,0.282820
钢琴演奏,0.282721
腰线,0.282661
船儿,0.282629
刺目,0.282598
官腔,0.282480
凯雷,0.282427
身份证件,0.282225
远视眼,0.282004
锡惠公园,0.281927
孝庄,0.281882
清韵,0.281656
新媒介,0.281630
裕华路,0.281622
过站,0.281577
讨人喜欢,0.281326
一字一顿,0.281256
微亮,0.280991
不得体,0.280927
东单公园,0.280901
参观点,0.280811
片酬,0.280676
抑制作用,0.280636
放鹤,0.280492
申请单,0.280301
死亡者,0.280185
平仄,0.280094
不求有功,0.280058
石雕像,0.280005
公共频道,0.279978
高鑫,0.279974
改编权,0.279968
焦点新闻,0.279929
轮廓线,0.279885
客游,0.279774
生死相许,0.279632
八辈子,0.279588
冷杉,0.279550
要洗,0.279536
六顺,0.279503
仁者无敌,0.279446
尖酸刻薄,0.279387
罅隙,0.279303
关进去,0.279213
双拳,0.279059
指桑骂槐,0.279044
费德勒,0.279000
家乡话,0.278869
鸡犬不宁,0.278690
兴奋期,0.278569
护膝,0.278440
天龙座,0.278203
福银,0.277970
管弦,0.277908
祸国,0.277898
页数,0.277741
独立式,0.277356
幢幢,0.276971
淡水湖,0.276947
英国大使馆文化教育处,0.276863
戏中戏,0.276721
合伙制,0.276544
逛荡,0.276439
怒火中烧,0.276242
有背景,0.276106
冰片,0.276095
杜丽娘,0.275897
捡点,0.275864
友成,0.275841
书堆,0.275796
除湿,0.275752
戚戚,0.275649
哭哭啼啼,0.275622
西至,0.275558
废话连篇,0.275517
比降,0.275488
难驾驭,0.275407
阎罗王,0.275237
汤菜,0.274982
铺货,0.274946
足踝,0.274821
怡情养性,0.274805
解放西路,0.274782
驾乘者,0.274712
科技类,0.274608
晃着,0.274600
葛长银,0.274570
席地,0.274332
悬臂,0.274088
诊疗费,0.274079
八分饱,0.274021
田园诗,0.273923
锦簇,0.273923
尖叫声,0.273882
边塞诗,0.273857
广珠,0.273834
吃喜糖,0.273825
输完,0.273521
基准价,0.273146
心比天高,0.273109
根竹,0.272849
刚会,0.272712
文明展,0.272677
还骂,0.272660
童叟,0.272651
食品包装,0.272472
促发,0.272284
腥膻,0.272242
风景图,0.272058
马拉拉,0.272008
扰动,0.271938
出出气,0.271864
小花园,0.271807
换乘站,0.271522
参展者,0.271477
利古里亚,0.271419
马尔康,0.271332
楔形,0.271321
主场地,0.271189
山高水远,0.271068
嬉皮笑脸,0.270855
蛋形,0.270297
大萧条,0.270146
拉普兰,0.270067
杯底,0.269842
桑椹,0.269830
知足者,0.269695
鱼死网破,0.269668
上床睡觉,0.269655
广告代言,0.269652
三尖瓣,0.269592
手大,0.269587
空心砖,0.269529
必经阶段,0.269414
坠地,0.269211
发乎,0.269162
脏兮兮,0.269070
操作能力,0.269032
滑索,0.269003
北国风光,0.268844
弼马温,0.268737
徇私枉法,0.268564
蒹葭,0.268408
灵敏性,0.268017
忽隐忽现,0.267997
大雨倾盆,0.267843
浅水区,0.267814
绍酒,0.267528
大豆油,0.267492
吸附作用,0.267465
三圣乡,0.267350
露齿,0.267299
岩浆,0.267277
中长线,0.267246
洞见,0.267054
空幻,0.267040
尖顶,0.266822
上海译文出版社,0.266507
难为人,0.266485
面酱,0.266198
出版业务,0.266150
脚掌,0.266130
空座位,0.265997
林荫路,0.265831
热食,0.265667
山势,0.265420
签字笔,0.265277
西有,0.265088
巴西龟,0.264933
皱着眉头,0.264589
爽直,0.264557
培训费,0.264518
厚嘴唇,0.264051
西城区政府,0.263932
喷云吐雾,0.263899
春雨绵绵,0.263746
灭国,0.263594
生态景观,0.263541
遗恨,0.263389
苦口,0.263235
聊天记录,0.263066
余丈,0.263013
敢写,0.263012
叔伯,0.262978
气步枪,0.262500
太笨,0.262134
鄙陋,0.262014
班贝格,0.261578
说得有理,0.261400
滴眼药,0.261373
生涯规划,0.260982
邵老,0.260767
嘘声,0.260673
误食,0.260568
交流心得,0.260264
盲打,0.259780
街灯,0.259620
立方体,0.259416
阿尔泰山,0.259396
内瓤,0.259207
党听,0.259109
西单北大街,0.259048
知音难觅,0.258841
解构主义,0.258775
爆玉米花,0.258697
幽然,0.258651
中后卫,0.258544
了无生趣,0.258518
真死,0.258325
车毁人亡,0.258217
水榭,0.258092
父女关系,0.258086
郑开,0.258012
消费额,0.257619
迂腐,0.257411
奇拉维特,0.257342
重剑,0.257172
华庭,0.257113
南海子,0.257035
体毛,0.256798
输进去,0.256689
竹是,0.256520
喀斯特地貌,0.256326
商业城市,0.256118
隔板,0.255876
祸兮福所倚,0.255749
金丝燕,0.255651
翻毛,0.255499
悬崖绝壁,0.255481
甲秀楼,0.255330
访谈实录,0.255146
花岛,0.254870
男中音,0.254718
圣器,0.254676
战列舰,0.254534
逝水,0.254420
舒伯特,0.254119
减震,0.254088
疑神疑鬼,0.254052
香气扑鼻,0.254025
花如,0.253830
佛身,0.253666
一屁股债,0.253632
丘疹,0.253605
春睡,0.253542
拱型,0.253246
话里有话,0.252963
不睬,0.252905
泮池,0.252881
公寓式,0.252753
裸聊,0.252696
质料,0.252431
美国国家安全局,0.252022
胸骨,0.251991
刮下,0.251905
付账,0.251628
纹饰,0.251568
求善,0.251468
愉悦感,0.251432
科普类,0.251374
变厚,0.251322
音乐中心,0.251311
香魂,0.251287
折扣票,0.251259
通幽,0.251169
涌出来,0.251116
缺锌,0.250803
相互辉映,0.250705
朴泰桓,0.250684
钢笔字,0.250606
八珍,0.250456
下楼梯,0.250239
什刹海体校,0.249395
骨盆,0.249046
张天师,0.248713
禁火,0.248560
主道,0.248392
悲凄,0.248204
明帝,0.248176
涂着,0.247634
一忙,0.247296
火鸡肉,0.247141
才疏学浅,0.247132
清水岩,0.247017
可执行性,0.246955
达令港,0.246871
电子机票,0.246849
两颊,0.246605
液晶电视,0.246603
腮帮子,0.246469
尿道,0.246387
荒蛮,0.246375
鸟叫声,0.246272
热胀冷缩,0.246122
课程班,0.246038
五四广场,0.246002
千里冰封,0.245885
避震器,0.245799
郁金,0.245574
明白事理,0.245487
刘兰芳,0.245432
游得,0.245414
遮上,0.245314
男保姆,0.245204
瓜肉,0.245114
悬疑片,0.244844
陶瓷博物馆,0.244307
棋子湾,0.244268
粘滞,0.244263
喊救命,0.244049
至情至性,0.243994
抿着嘴,0.243942
香炉山,0.243889
扎起来,0.243135
古榕,0.243068
古戏楼,0.243017
奥迪公司,0.242880
奶汤,0.242770
苤蓝,0.242744
鱼中,0.242599
司汤达,0.242595
前腰,0.242522
调温,0.242490
淡去,0.242472
该事,0.242250
印经院,0.242112
山系,0.241948
轿厢,0.241826
非核心,0.241808
银带,0.241527
闷得,0.241409
小床,0.241116
中西方,0.241053
珙桐,0.241035
熏心,0.240913
伤风感冒,0.240675
爬下,0.240283
西缘,0.240257
回得,0.240141
无能之辈,0.240085
节目策划,0.240007
握把,0.239916
保鲜袋,0.239799
雪芽,0.239650
糙米饭,0.239560
骗她,0.239493
横斜,0.239316
焚稿,0.238987
花梨木,0.238821
程颐,0.238722
维塔斯,0.238332
书圣,0.238296
搅拌车,0.238285
体液,0.238260
吐掉,0.238193
飘蓬,0.238083
常留,0.238046
国家栋梁,0.237669
顾随,0.237616
大开大合,0.237528
酒味,0.236970
倪瓒,0.236764
过房,0.236651
桨声,0.236468
耍嘴皮子,0.235770
葛岭,0.235756
赏灯,0.235561
性暗示,0.235553
腰骨,0.235370
喜迎春,0.234943
波兹曼,0.234639
风湿性关节炎,0.234465
架构设计,0.234369
艳艳的,0.234264
花裙,0.234188
激灵,0.234142
食饮,0.234126
敌楼,0.233827
送春,0.233382
泡沫箱,0.233017
粘糊糊,0.232937
口服避孕药,0.232937
土蜂蜜,0.232652
保护剂,0.232602
麻又,0.232517
切细,0.232390
未亡人,0.232149
信王,0.231865
花港,0.231813
花树下,0.231725
铁栏杆,0.231651
头冠,0.231630
双冠王,0.231482
曾诚,0.231451
治感冒,0.231266
喷香的,0.231230
凉如水,0.231077
俞孔坚,0.230829
干云,0.230787
犯了错,0.230783
时许,0.230683
白驹过隙,0.230073
缥缈,0.229868
鱼菜,0.229629
地灵人杰,0.229620
妆饰,0.229549
扭捏,0.229475
空落落,0.229168
水经注,0.229145
空中缆车,0.229045
辛卯,0.228828
水迹,0.228798
寡味,0.228671
法律硕士,0.228635
啜饮,0.228631
行车道,0.228173
皇极,0.228169
小键盘,0.228064
天高气爽,0.227725
轻资产,0.227525
相汇,0.227456
体验性,0.227429
有毒气体,0.227326
忽闻,0.227054
缺阵,0.226921
雾灯,0.226540
糊住,0.226428
倚楼,0.226014
礼部,0.225959
自怨,0.225608
江苏舜天,0.224958
食草动物,0.224536
外在美,0.224362
踹开,0.223230
发晕,0.223186
哀而不伤,0.222955
抹不掉,0.222702
支乐队,0.222537
宫观,0.222484
团结湖公园,0.222392
黄沙中,0.222353
表现主义,0.222256
卷轴画,0.221875
饿极了,0.221510
卖淫罪,0.221462
靠窗户,0.221226
两房一厅,0.221131
功夫梦,0.220982
火山带,0.220955
文不对题,0.220348
类型化,0.219881
中山大道,0.219261
顾彬,0.218442
大山子,0.218220
缩着,0.218146
数枝,0.218098
残枝,0.218092
桃红柳绿,0.217979
传奇一生,0.217910
宋高宗,0.217862
氦气球,0.217542
噪杂,0.217487
惟以,0.217258
发飘,0.217147
奸人,0.217105
旋律优美,0.216989
菜梗,0.216885
整体感,0.216524
膻气,0.216274
有点痛,0.216230
多咱,0.216178
待机时间,0.216173
潭底,0.216162
端丽,0.216151
以泪洗面,0.215805
流水声,0.215575
母丑,0.215434
前滚翻,0.215139
彩光,0.214297
烽燧,0.214221
天河城,0.214016
水藻,0.213964
鼎峙,0.213937
阿尔泰山脉,0.213899
猛火,0.213672
团圆夜,0.212412
抗酸,0.212158
清嗓子,0.212042
牛形,0.211765
禾花雀,0.211434
音域,0.211379
君子好逑,0.211197
费曼,0.211163
叶柄,0.210757
耆那教,0.210649
玉带桥,0.210594
双石镇,0.210282
混合液,0.210249
腿疼,0.209850
拉客户,0.209570
法兰西岛,0.209046
叫个不停,0.208956
阿塔卡马,0.208684
入海处,0.208480
入境游,0.208003
街衢,0.207946
自怨自艾,0.207859
即时性,0.207833
短大衣,0.207431
玩枪,0.207241
飘落在,0.206920
贵得,0.206829
藏蓝色,0.206821
武庙,0.206818
滞涨,0.206770
拆线,0.206633
传位,0.206559
平举,0.206474
颛顼,0.206450
南礼士路,0.206233
残梦,0.204305
梅兰竹菊,0.204161
里料,0.203850
怨别,0.203781
辩方,0.203302
血行,0.203210
油费,0.202307
药用价值,0.201270
吐吐,0.201227
皮下组织,0.201001
家酿,0.200329
细胞再生,0.200077
说了半天,0.199482
五香牛肉,0.198970
右膝盖,0.198686
大脑神经,0.198267
增压器,0.197058
加油声,0.197023
乍暖,0.196390
粗饭,0.196085
石灰质,0.195727
明澈,0.195618
那雪,0.195161
硅油,0.195049
深紫色,0.194932
漱漱,0.194769
小偷儿,0.194382
浣衣,0.194054
含胸,0.193758
牙龈炎,0.193595
金丝边,0.193361
仪表堂堂,0.193256
秋水共长天一色,0.192352
卒于,0.191606
吸湿,0.191120
雷雨大风,0.190139
毗卢,0.189397
劳损,0.189278
古尔沟,0.189087
全线产品,0.188760
充电电池,0.188375
加湿,0.188307
磷脂,0.187990
润肠,0.187752
萝卜条,0.186237
恬美,0.186015
抓伤,0.184990
逆向行驶,0.184683
浮游植物,0.184175
北高南,0.183495
映照在,0.182879
乳黄,0.181963
自大狂,0.181153
满湖,0.180685
山兰,0.180085
紫甘蓝,0.179904
磨细,0.179440
米黄,0.179185
车筐,0.179164
笋丝,0.179018
学位证,0.178473
西之岛,0.177745
洛神赋,0.176480
林打叶,0.175970
月光曲,0.175571
瓜子壳,0.174902
上海中心气象台,0.173216
宫殿式,0.171423
素裹,0.169028
银熊奖,0.167561
微风吹拂,0.166222
爬动,0.164250
奇花异卉,0.164163
油酸,0.163889
唐模村,0.163596
敕建,0.163129
内膜,0.160998
健脾胃,0.160908
缺德事,0.160304
唇形科,0.159768
蜂飞蝶舞,0.156564
内服,0.153339
悠悠扬扬,0.152835
奇峰怪石,0.145988
皂苷,0.144924
研成,0.142278
致畸,0.142105
啁啾,0.139896
出虚汗,0.139111
欧联杯,0.137368
脂肪组织,0.135614
柱廊,0.134778
帕格尼尼,0.125505
罗马式,0.101646
